fraction,contrast,model,target,arm,reference_model,metric,estimate,margin,ci90_lower,ci90_upper,p_lower,p_upper,p_tost,equivalent,interval_contained,bootstrap_B,p_resolution,scope,p_holm,equivalent_holm
1,model_minus_weibull,neural,current,original,weibull,auc,-0.000430339873311314,0.0001,-0.00250702394066816,0.00166707427397033,0.600079984003199,0.339732053589282,0.600079984003199,FALSE,FALSE,5000,0.0001999600079984,Exploratory conditional OOF inference; no full-pipeline refit,1,FALSE
1,model_minus_weibull,neural,current,original,weibull,auc,-0.000430339873311314,0.0002,-0.00250702394066816,0.00166707427397033,0.573485302939412,0.315136972605479,0.573485302939412,FALSE,FALSE,5000,0.0001999600079984,Exploratory conditional OOF inference; no full-pipeline refit,1,FALSE
1,model_minus_weibull,neural,current,original,weibull,auc,-0.000430339873311314,0.0005,-0.00250702394066816,0.00166707427397033,0.48130373925215,0.237952409518096,0.48130373925215,FALSE,FALSE,5000,0.0001999600079984,Exploratory conditional OOF inference; no full-pipeline refit,1,FALSE
1,model_minus_weibull,neural,current,original,weibull,auc,-0.000430339873311314,0.001,-0.00250702394066816,0.00166707427397033,0.329134173165367,0.126174765046991,0.329134173165367,FALSE,FALSE,5000,0.0001999600079984,Exploratory conditional OOF inference; no full-pipeline refit,1,FALSE
1,model_minus_weibull,neural,current,original,weibull,auc,-0.000430339873311314,0.002,-0.00250702394066816,0.00166707427397033,0.104179164167167,0.0281943611277744,0.104179164167167,FALSE,FALSE,5000,0.0001999600079984,Exploratory conditional OOF inference; no full-pipeline refit,1,FALSE
1,model_minus_weibull,neural,current,original,weibull,auc,-0.000430339873311314,0.005,-0.00250702394066816,0.00166707427397033,0.000399920015996801,0.0001999600079984,0.000399920015996801,TRUE,TRUE,5000,0.0001999600079984,Exploratory conditional OOF inference; no full-pipeline refit,0.00599880023995201,TRUE
1,model_minus_weibull,neural,current,original,weibull,auc,-0.000430339873311314,0.01,-0.00250702394066816,0.00166707427397033,0.0001999600079984,0.0001999600079984,0.0001999600079984,TRUE,TRUE,5000,0.0001999600079984,Exploratory conditional OOF inference; no full-pipeline refit,0.00399920015996801,TRUE
1,model_minus_weibull,neural,current,original,weibull,auc,-0.000430339873311314,0.02,-0.00250702394066816,0.00166707427397033,0.0001999600079984,0.0001999600079984,0.0001999600079984,TRUE,TRUE,5000,0.0001999600079984,Exploratory conditional OOF inference; no full-pipeline refit,0.00399920015996801,TRUE
1,model_minus_weibull,neural,current,original,weibull,auc,-0.000430339873311314,0.05,-0.00250702394066816,0.00166707427397033,0.0001999600079984,0.0001999600079984,0.0001999600079984,TRUE,TRUE,5000,0.0001999600079984,Exploratory conditional OOF inference; no full-pipeline refit,0.00399920015996801,TRUE
1,model_minus_weibull,neural,current,original,weibull,brier,0.000186083176932722,0.00001,-0.000307417107942415,0.00068333627213616,0.255948810237952,0.724655068986203,0.724655068986203,FALSE,FALSE,5000,0.0001999600079984,Exploratory conditional OOF inference; no full-pipeline refit,1,FALSE
1,model_minus_weibull,neural,current,original,weibull,brier,0.000186083176932722,0.00002,-0.000307417107942415,0.00068333627213616,0.245950809838032,0.713257348530294,0.713257348530294,FALSE,FALSE,5000,0.0001999600079984,Exploratory conditional OOF inference; no full-pipeline refit,1,FALSE
1,model_minus_weibull,neural,current,original,weibull,brier,0.000186083176932722,0.00005,-0.000307417107942415,0.00068333627213616,0.213957208558288,0.674065186962608,0.674065186962608,FALSE,FALSE,5000,0.0001999600079984,Exploratory conditional OOF inference; no full-pipeline refit,1,FALSE
1,model_minus_weibull,neural,current,original,weibull,brier,0.000186083176932722,0.0001,-0.000307417107942415,0.00068333627213616,0.170365926814637,0.615476904619076,0.615476904619076,FALSE,FALSE,5000,0.0001999600079984,Exploratory conditional OOF inference; no full-pipeline refit,1,FALSE
1,model_minus_weibull,neural,current,original,weibull,brier,0.000186083176932722,0.0002,-0.000307417107942415,0.00068333627213616,0.0967806438712258,0.485902819436113,0.485902819436113,FALSE,FALSE,5000,0.0001999600079984,Exploratory conditional OOF inference; no full-pipeline refit,1,FALSE
1,model_minus_weibull,neural,current,original,weibull,brier,0.000186083176932722,0.0005,-0.000307417107942415,0.00068333627213616,0.0105978804239152,0.152369526094781,0.152369526094781,FALSE,FALSE,5000,0.0001999600079984,Exploratory conditional OOF inference; no full-pipeline refit,1,FALSE
1,model_minus_weibull,neural,current,original,weibull,brier,0.000186083176932722,0.001,-0.000307417107942415,0.00068333627213616,0.0001999600079984,0.0031993601279744,0.0031993601279744,TRUE,TRUE,5000,0.0001999600079984,Exploratory conditional OOF inference; no full-pipeline refit,0.0479904019196161,TRUE
1,model_minus_weibull,neural,current,original,weibull,brier,0.000186083176932722,0.002,-0.000307417107942415,0.00068333627213616,0.0001999600079984,0.0001999600079984,0.0001999600079984,TRUE,TRUE,5000,0.0001999600079984,Exploratory conditional OOF inference; no full-pipeline refit,0.00399920015996801,TRUE
1,model_minus_weibull,neural,current,original,weibull,brier,0.000186083176932722,0.005,-0.000307417107942415,0.00068333627213616,0.0001999600079984,0.0001999600079984,0.0001999600079984,TRUE,TRUE,5000,0.0001999600079984,Exploratory conditional OOF inference; no full-pipeline refit,0.00399920015996801,TRUE
1,model_minus_weibull,xgboost,current,original,weibull,auc,-0.00770860528836892,0.0001,-0.0110540297027099,-0.00429212544025529,1,0.0001999600079984,1,FALSE,FALSE,5000,0.0001999600079984,Exploratory conditional OOF inference; no full-pipeline refit,1,FALSE
1,model_minus_weibull,xgboost,current,original,weibull,auc,-0.00770860528836892,0.0002,-0.0110540297027099,-0.00429212544025529,1,0.0001999600079984,1,FALSE,FALSE,5000,0.0001999600079984,Exploratory conditional OOF inference; no full-pipeline refit,1,FALSE
1,model_minus_weibull,xgboost,current,original,weibull,auc,-0.00770860528836892,0.0005,-0.0110540297027099,-0.00429212544025529,0.999800039992002,0.0001999600079984,0.999800039992002,FALSE,FALSE,5000,0.0001999600079984,Exploratory conditional OOF inference; no full-pipeline refit,1,FALSE
1,model_minus_weibull,xgboost,current,original,weibull,auc,-0.00770860528836892,0.001,-0.0110540297027099,-0.00429212544025529,0.999200159968006,0.0001999600079984,0.999200159968006,FALSE,FALSE,5000,0.0001999600079984,Exploratory conditional OOF inference; no full-pipeline refit,1,FALSE
1,model_minus_weibull,xgboost,current,original,weibull,auc,-0.00770860528836892,0.002,-0.0110540297027099,-0.00429212544025529,0.996400719856029,0.0001999600079984,0.996400719856029,FALSE,FALSE,5000,0.0001999600079984,Exploratory conditional OOF inference; no full-pipeline refit,1,FALSE
1,model_minus_weibull,xgboost,current,original,weibull,auc,-0.00770860528836892,0.005,-0.0110540297027099,-0.00429212544025529,0.899420115976805,0.0001999600079984,0.899420115976805,FALSE,FALSE,5000,0.0001999600079984,Exploratory conditional OOF inference; no full-pipeline refit,1,FALSE
1,model_minus_weibull,xgboost,current,original,weibull,auc,-0.00770860528836892,0.01,-0.0110540297027099,-0.00429212544025529,0.13877224555089,0.0001999600079984,0.13877224555089,FALSE,FALSE,5000,0.0001999600079984,Exploratory conditional OOF inference; no full-pipeline refit,0.555088982203559,FALSE
1,model_minus_weibull,xgboost,current,original,weibull,auc,-0.00770860528836892,0.02,-0.0110540297027099,-0.00429212544025529,0.0001999600079984,0.0001999600079984,0.0001999600079984,TRUE,TRUE,5000,0.0001999600079984,Exploratory conditional OOF inference; no full-pipeline refit,0.00399920015996801,TRUE
1,model_minus_weibull,xgboost,current,original,weibull,auc,-0.00770860528836892,0.05,-0.0110540297027099,-0.00429212544025529,0.0001999600079984,0.0001999600079984,0.0001999600079984,TRUE,TRUE,5000,0.0001999600079984,Exploratory conditional OOF inference; no full-pipeline refit,0.00399920015996801,TRUE
1,model_minus_weibull,xgboost,current,original,weibull,brier,0.00101118085038104,0.00001,0.000379613449011982,0.00165411789915766,0.00539892021595681,0.99380123975205,0.99380123975205,FALSE,FALSE,5000,0.0001999600079984,Exploratory conditional OOF inference; no full-pipeline refit,1,FALSE
1,model_minus_weibull,xgboost,current,original,weibull,brier,0.00101118085038104,0.00002,0.000379613449011982,0.00165411789915766,0.00499900019996001,0.993601279744051,0.993601279744051,FALSE,FALSE,5000,0.0001999600079984,Exploratory conditional OOF inference; no full-pipeline refit,1,FALSE
1,model_minus_weibull,xgboost,current,original,weibull,brier,0.00101118085038104,0.00005,0.000379613449011982,0.00165411789915766,0.00439912017596481,0.992401519696061,0.992401519696061,FALSE,FALSE,5000,0.0001999600079984,Exploratory conditional OOF inference; no full-pipeline refit,1,FALSE
1,model_minus_weibull,xgboost,current,original,weibull,brier,0.00101118085038104,0.0001,0.000379613449011982,0.00165411789915766,0.0025994801039792,0.989002199560088,0.989002199560088,FALSE,FALSE,5000,0.0001999600079984,Exploratory conditional OOF inference; no full-pipeline refit,1,FALSE
1,model_minus_weibull,xgboost,current,original,weibull,brier,0.00101118085038104,0.0002,0.000379613449011982,0.00165411789915766,0.0015996800639872,0.983203359328134,0.983203359328134,FALSE,FALSE,5000,0.0001999600079984,Exploratory conditional OOF inference; no full-pipeline refit,1,FALSE
1,model_minus_weibull,xgboost,current,original,weibull,brier,0.00101118085038104,0.0005,0.000379613449011982,0.00165411789915766,0.0001999600079984,0.900219956008798,0.900219956008798,FALSE,FALSE,5000,0.0001999600079984,Exploratory conditional OOF inference; no full-pipeline refit,1,FALSE
1,model_minus_weibull,xgboost,current,original,weibull,brier,0.00101118085038104,0.001,0.000379613449011982,0.00165411789915766,0.0001999600079984,0.509498100379924,0.509498100379924,FALSE,FALSE,5000,0.0001999600079984,Exploratory conditional OOF inference; no full-pipeline refit,1,FALSE
1,model_minus_weibull,xgboost,current,original,weibull,brier,0.00101118085038104,0.002,0.000379613449011982,0.00165411789915766,0.0001999600079984,0.00539892021595681,0.00539892021595681,TRUE,TRUE,5000,0.0001999600079984,Exploratory conditional OOF inference; no full-pipeline refit,0.0377924415116977,TRUE
1,model_minus_weibull,xgboost,current,original,weibull,brier,0.00101118085038104,0.005,0.000379613449011982,0.00165411789915766,0.0001999600079984,0.0001999600079984,0.0001999600079984,TRUE,TRUE,5000,0.0001999600079984,Exploratory conditional OOF inference; no full-pipeline refit,0.00399920015996801,TRUE
1,prior_minus_current,weibull,prior,original,weibull,auc,-0.000127979968058911,0.0001,-0.00105407266187179,0.000775817351187087,0.534693061387722,0.330533893221356,0.534693061387722,FALSE,FALSE,5000,0.0001999600079984,Exploratory conditional OOF inference; no full-pipeline refit,1,FALSE
1,prior_minus_current,weibull,prior,original,weibull,auc,-0.000127979968058911,0.0002,-0.00105407266187179,0.000775817351187087,0.459308138372326,0.268946210757848,0.459308138372326,FALSE,FALSE,5000,0.0001999600079984,Exploratory conditional OOF inference; no full-pipeline refit,1,FALSE
1,prior_minus_current,weibull,prior,original,weibull,auc,-0.000127979968058911,0.0005,-0.00105407266187179,0.000775817351187087,0.262747450509898,0.121575684863027,0.262747450509898,FALSE,FALSE,5000,0.0001999600079984,Exploratory conditional OOF inference; no full-pipeline refit,1,FALSE
1,prior_minus_current,weibull,prior,original,weibull,auc,-0.000127979968058911,0.001,-0.00105407266187179,0.000775817351187087,0.0613877224555089,0.020995800839832,0.0613877224555089,FALSE,FALSE,5000,0.0001999600079984,Exploratory conditional OOF inference; no full-pipeline refit,1,FALSE
1,prior_minus_current,weibull,prior,original,weibull,auc,-0.000127979968058911,0.002,-0.00105407266187179,0.000775817351187087,0.000799840031993601,0.0001999600079984,0.000799840031993601,TRUE,TRUE,5000,0.0001999600079984,Exploratory conditional OOF inference; no full-pipeline refit,0.0151969606078784,TRUE
1,prior_minus_current,weibull,prior,original,weibull,auc,-0.000127979968058911,0.005,-0.00105407266187179,0.000775817351187087,0.0001999600079984,0.0001999600079984,0.0001999600079984,TRUE,TRUE,5000,0.0001999600079984,Exploratory conditional OOF inference; no full-pipeline refit,0.00399920015996801,TRUE
1,prior_minus_current,weibull,prior,original,weibull,auc,-0.000127979968058911,0.01,-0.00105407266187179,0.000775817351187087,0.0001999600079984,0.0001999600079984,0.0001999600079984,TRUE,TRUE,5000,0.0001999600079984,Exploratory conditional OOF inference; no full-pipeline refit,0.00399920015996801,TRUE
1,prior_minus_current,weibull,prior,original,weibull,auc,-0.000127979968058911,0.02,-0.00105407266187179,0.000775817351187087,0.0001999600079984,0.0001999600079984,0.0001999600079984,TRUE,TRUE,5000,0.0001999600079984,Exploratory conditional OOF inference; no full-pipeline refit,0.00399920015996801,TRUE
1,prior_minus_current,weibull,prior,original,weibull,auc,-0.000127979968058911,0.05,-0.00105407266187179,0.000775817351187087,0.0001999600079984,0.0001999600079984,0.0001999600079984,TRUE,TRUE,5000,0.0001999600079984,Exploratory conditional OOF inference; no full-pipeline refit,0.00399920015996801,TRUE
1,prior_minus_current,weibull,prior,original,weibull,brier,0.00000841423468353475,0.00001,-0.000138381868843069,0.000164608335918435,0.412117576484703,0.500899820035993,0.500899820035993,FALSE,FALSE,5000,0.0001999600079984,Exploratory conditional OOF inference; no full-pipeline refit,1,FALSE
1,prior_minus_current,weibull,prior,original,weibull,brier,0.00000841423468353475,0.00002,-0.000138381868843069,0.000164608335918435,0.371925614877025,0.45870825834833,0.45870825834833,FALSE,FALSE,5000,0.0001999600079984,Exploratory conditional OOF inference; no full-pipeline refit,1,FALSE
1,prior_minus_current,weibull,prior,original,weibull,brier,0.00000841423468353475,0.00005,-0.000138381868843069,0.000164608335918435,0.255148970205959,0.336132773445311,0.336132773445311,FALSE,FALSE,5000,0.0001999600079984,Exploratory conditional OOF inference; no full-pipeline refit,1,FALSE
1,prior_minus_current,weibull,prior,original,weibull,brier,0.00000841423468353475,0.0001,-0.000138381868843069,0.000164608335918435,0.11377724455109,0.168166366726655,0.168166366726655,FALSE,FALSE,5000,0.0001999600079984,Exploratory conditional OOF inference; no full-pipeline refit,1,FALSE
1,prior_minus_current,weibull,prior,original,weibull,brier,0.00000841423468353475,0.0002,-0.000138381868843069,0.000164608335918435,0.00959808038392321,0.0227954409118176,0.0227954409118176,TRUE,TRUE,5000,0.0001999600079984,Exploratory conditional OOF inference; no full-pipeline refit,0.433113377324535,FALSE
1,prior_minus_current,weibull,prior,original,weibull,brier,0.00000841423468353475,0.0005,-0.000138381868843069,0.000164608335918435,0.0001999600079984,0.0001999600079984,0.0001999600079984,TRUE,TRUE,5000,0.0001999600079984,Exploratory conditional OOF inference; no full-pipeline refit,0.00399920015996801,TRUE
1,prior_minus_current,weibull,prior,original,weibull,brier,0.00000841423468353475,0.001,-0.000138381868843069,0.000164608335918435,0.0001999600079984,0.0001999600079984,0.0001999600079984,TRUE,TRUE,5000,0.0001999600079984,Exploratory conditional OOF inference; no full-pipeline refit,0.00399920015996801,TRUE
1,prior_minus_current,weibull,prior,original,weibull,brier,0.00000841423468353475,0.002,-0.000138381868843069,0.000164608335918435,0.0001999600079984,0.0001999600079984,0.0001999600079984,TRUE,TRUE,5000,0.0001999600079984,Exploratory conditional OOF inference; no full-pipeline refit,0.00399920015996801,TRUE
1,prior_minus_current,weibull,prior,original,weibull,brier,0.00000841423468353475,0.005,-0.000138381868843069,0.000164608335918435,0.0001999600079984,0.0001999600079984,0.0001999600079984,TRUE,TRUE,5000,0.0001999600079984,Exploratory conditional OOF inference; no full-pipeline refit,0.00399920015996801,TRUE
1,prior_minus_current,neural,prior,original,neural,auc,-0.000143768068765593,0.0001,-0.000323010850143863,0.0000447078011731663,0.642871425714857,0.015996800639872,0.642871425714857,FALSE,FALSE,5000,0.0001999600079984,Exploratory conditional OOF inference; no full-pipeline refit,1,FALSE
1,prior_minus_current,neural,prior,original,neural,auc,-0.000143768068765593,0.0002,-0.000323010850143863,0.0000447078011731663,0.302339532093581,0.0011997600479904,0.302339532093581,FALSE,FALSE,5000,0.0001999600079984,Exploratory conditional OOF inference; no full-pipeline refit,1,FALSE
1,prior_minus_current,neural,prior,original,neural,auc,-0.000143768068765593,0.0005,-0.000323010850143863,0.0000447078011731663,0.000399920015996801,0.0001999600079984,0.000399920015996801,TRUE,TRUE,5000,0.0001999600079984,Exploratory conditional OOF inference; no full-pipeline refit,0.00799840031993601,TRUE
1,prior_minus_current,neural,prior,original,neural,auc,-0.000143768068765593,0.001,-0.000323010850143863,0.0000447078011731663,0.0001999600079984,0.0001999600079984,0.0001999600079984,TRUE,TRUE,5000,0.0001999600079984,Exploratory conditional OOF inference; no full-pipeline refit,0.00399920015996801,TRUE
1,prior_minus_current,neural,prior,original,neural,auc,-0.000143768068765593,0.002,-0.000323010850143863,0.0000447078011731663,0.0001999600079984,0.0001999600079984,0.0001999600079984,TRUE,TRUE,5000,0.0001999600079984,Exploratory conditional OOF inference; no full-pipeline refit,0.00399920015996801,TRUE
1,prior_minus_current,neural,prior,original,neural,auc,-0.000143768068765593,0.005,-0.000323010850143863,0.0000447078011731663,0.0001999600079984,0.0001999600079984,0.0001999600079984,TRUE,TRUE,5000,0.0001999600079984,Exploratory conditional OOF inference; no full-pipeline refit,0.00399920015996801,TRUE
1,prior_minus_current,neural,prior,original,neural,auc,-0.000143768068765593,0.01,-0.000323010850143863,0.0000447078011731663,0.0001999600079984,0.0001999600079984,0.0001999600079984,TRUE,TRUE,5000,0.0001999600079984,Exploratory conditional OOF inference; no full-pipeline refit,0.00399920015996801,TRUE
1,prior_minus_current,neural,prior,original,neural,auc,-0.000143768068765593,0.02,-0.000323010850143863,0.0000447078011731663,0.0001999600079984,0.0001999600079984,0.0001999600079984,TRUE,TRUE,5000,0.0001999600079984,Exploratory conditional OOF inference; no full-pipeline refit,0.00399920015996801,TRUE
1,prior_minus_current,neural,prior,original,neural,auc,-0.000143768068765593,0.05,-0.000323010850143863,0.0000447078011731663,0.0001999600079984,0.0001999600079984,0.0001999600079984,TRUE,TRUE,5000,0.0001999600079984,Exploratory conditional OOF inference; no full-pipeline refit,0.00399920015996801,TRUE
1,prior_minus_current,neural,prior,original,neural,brier,0.0000328252549256502,0.00001,0.00000416049570496896,0.000060464952275254,0.00619876024795041,0.904419116176765,0.904419116176765,FALSE,FALSE,5000,0.0001999600079984,Exploratory conditional OOF inference; no full-pipeline refit,1,FALSE
1,prior_minus_current,neural,prior,original,neural,brier,0.0000328252549256502,0.00002,0.00000416049570496896,0.000060464952275254,0.000799840031993601,0.771845630873825,0.771845630873825,FALSE,FALSE,5000,0.0001999600079984,Exploratory conditional OOF inference; no full-pipeline refit,1,FALSE
1,prior_minus_current,neural,prior,original,neural,brier,0.0000328252549256502,0.00005,0.00000416049570496896,0.000060464952275254,0.0001999600079984,0.1499700059988,0.1499700059988,FALSE,FALSE,5000,0.0001999600079984,Exploratory conditional OOF inference; no full-pipeline refit,1,FALSE
1,prior_minus_current,neural,prior,original,neural,brier,0.0000328252549256502,0.0001,0.00000416049570496896,0.000060464952275254,0.0001999600079984,0.0001999600079984,0.0001999600079984,TRUE,TRUE,5000,0.0001999600079984,Exploratory conditional OOF inference; no full-pipeline refit,0.00399920015996801,TRUE
1,prior_minus_current,neural,prior,original,neural,brier,0.0000328252549256502,0.0002,0.00000416049570496896,0.000060464952275254,0.0001999600079984,0.0001999600079984,0.0001999600079984,TRUE,TRUE,5000,0.0001999600079984,Exploratory conditional OOF inference; no full-pipeline refit,0.00399920015996801,TRUE
1,prior_minus_current,neural,prior,original,neural,brier,0.0000328252549256502,0.0005,0.00000416049570496896,0.000060464952275254,0.0001999600079984,0.0001999600079984,0.0001999600079984,TRUE,TRUE,5000,0.0001999600079984,Exploratory conditional OOF inference; no full-pipeline refit,0.00399920015996801,TRUE
1,prior_minus_current,neural,prior,original,neural,brier,0.0000328252549256502,0.001,0.00000416049570496896,0.000060464952275254,0.0001999600079984,0.0001999600079984,0.0001999600079984,TRUE,TRUE,5000,0.0001999600079984,Exploratory conditional OOF inference; no full-pipeline refit,0.00399920015996801,TRUE
1,prior_minus_current,neural,prior,original,neural,brier,0.0000328252549256502,0.002,0.00000416049570496896,0.000060464952275254,0.0001999600079984,0.0001999600079984,0.0001999600079984,TRUE,TRUE,5000,0.0001999600079984,Exploratory conditional OOF inference; no full-pipeline refit,0.00399920015996801,TRUE
1,prior_minus_current,neural,prior,original,neural,brier,0.0000328252549256502,0.005,0.00000416049570496896,0.000060464952275254,0.0001999600079984,0.0001999600079984,0.0001999600079984,TRUE,TRUE,5000,0.0001999600079984,Exploratory conditional OOF inference; no full-pipeline refit,0.00399920015996801,TRUE
1,model_minus_weibull,neural,prior,original,weibull,auc,-0.000446127974017996,0.0001,-0.00273607320942595,0.00197312713173808,0.593881223755249,0.354329134173165,0.593881223755249,FALSE,FALSE,5000,0.0001999600079984,Exploratory conditional OOF inference; no full-pipeline refit,1,FALSE
1,model_minus_weibull,neural,prior,original,weibull,auc,-0.000446127974017996,0.0002,-0.00273607320942595,0.00197312713173808,0.568286342731454,0.331733653269346,0.568286342731454,FALSE,FALSE,5000,0.0001999600079984,Exploratory conditional OOF inference; no full-pipeline refit,1,FALSE
1,model_minus_weibull,neural,prior,original,weibull,auc,-0.000446127974017996,0.0005,-0.00273607320942595,0.00197312713173808,0.486102779444111,0.25994801039792,0.486102779444111,FALSE,FALSE,5000,0.0001999600079984,Exploratory conditional OOF inference; no full-pipeline refit,1,FALSE
1,model_minus_weibull,neural,prior,original,weibull,auc,-0.000446127974017996,0.001,-0.00273607320942595,0.00197312713173808,0.351729654069186,0.154569086182763,0.351729654069186,FALSE,FALSE,5000,0.0001999600079984,Exploratory conditional OOF inference; no full-pipeline refit,1,FALSE
1,model_minus_weibull,neural,prior,original,weibull,auc,-0.000446127974017996,0.002,-0.00273607320942595,0.00197312713173808,0.13497300539892,0.0481903619276145,0.13497300539892,FALSE,FALSE,5000,0.0001999600079984,Exploratory conditional OOF inference; no full-pipeline refit,1,FALSE
1,model_minus_weibull,neural,prior,original,weibull,auc,-0.000446127974017996,0.005,-0.00273607320942595,0.00197312713173808,0.0011997600479904,0.0001999600079984,0.0011997600479904,TRUE,TRUE,5000,0.0001999600079984,Exploratory conditional OOF inference; no full-pipeline refit,0.0167966406718656,TRUE
1,model_minus_weibull,neural,prior,original,weibull,auc,-0.000446127974017996,0.01,-0.00273607320942595,0.00197312713173808,0.0001999600079984,0.0001999600079984,0.0001999600079984,TRUE,TRUE,5000,0.0001999600079984,Exploratory conditional OOF inference; no full-pipeline refit,0.00399920015996801,TRUE
1,model_minus_weibull,neural,prior,original,weibull,auc,-0.000446127974017996,0.02,-0.00273607320942595,0.00197312713173808,0.0001999600079984,0.0001999600079984,0.0001999600079984,TRUE,TRUE,5000,0.0001999600079984,Exploratory conditional OOF inference; no full-pipeline refit,0.00399920015996801,TRUE
1,model_minus_weibull,neural,prior,original,weibull,auc,-0.000446127974017996,0.05,-0.00273607320942595,0.00197312713173808,0.0001999600079984,0.0001999600079984,0.0001999600079984,TRUE,TRUE,5000,0.0001999600079984,Exploratory conditional OOF inference; no full-pipeline refit,0.00399920015996801,TRUE
1,model_minus_weibull,neural,prior,original,weibull,brier,0.000210494197174838,0.00001,-0.000307829474699478,0.000733331927658659,0.243351329734053,0.734253149370126,0.734253149370126,FALSE,FALSE,5000,0.0001999600079984,Exploratory conditional OOF inference; no full-pipeline refit,1,FALSE
1,model_minus_weibull,neural,prior,original,weibull,brier,0.000210494197174838,0.00002,-0.000307829474699478,0.000733331927658659,0.235352929414117,0.723055388922216,0.723055388922216,FALSE,FALSE,5000,0.0001999600079984,Exploratory conditional OOF inference; no full-pipeline refit,1,FALSE
1,model_minus_weibull,neural,prior,original,weibull,brier,0.000210494197174838,0.00005,-0.000307829474699478,0.000733331927658659,0.207758448310338,0.691861627674465,0.691861627674465,FALSE,FALSE,5000,0.0001999600079984,Exploratory conditional OOF inference; no full-pipeline refit,1,FALSE
1,model_minus_weibull,neural,prior,original,weibull,brier,0.000210494197174838,0.0001,-0.000307829474699478,0.000733331927658659,0.165366926614677,0.632073585282943,0.632073585282943,FALSE,FALSE,5000,0.0001999600079984,Exploratory conditional OOF inference; no full-pipeline refit,1,FALSE
1,model_minus_weibull,neural,prior,original,weibull,brier,0.000210494197174838,0.0002,-0.000307829474699478,0.000733331927658659,0.0999800039992002,0.510897820435913,0.510897820435913,FALSE,FALSE,5000,0.0001999600079984,Exploratory conditional OOF inference; no full-pipeline refit,1,FALSE
1,model_minus_weibull,neural,prior,original,weibull,brier,0.000210494197174838,0.0005,-0.000307829474699478,0.000733331927658659,0.0145970805838832,0.182763447310538,0.182763447310538,FALSE,FALSE,5000,0.0001999600079984,Exploratory conditional OOF inference; no full-pipeline refit,1,FALSE
1,model_minus_weibull,neural,prior,original,weibull,brier,0.000210494197174838,0.001,-0.000307829474699478,0.000733331927658659,0.0001999600079984,0.00559888022395521,0.00559888022395521,TRUE,TRUE,5000,0.0001999600079984,Exploratory conditional OOF inference; no full-pipeline refit,0.0783843231353729,FALSE
1,model_minus_weibull,neural,prior,original,weibull,brier,0.000210494197174838,0.002,-0.000307829474699478,0.000733331927658659,0.0001999600079984,0.0001999600079984,0.0001999600079984,TRUE,TRUE,5000,0.0001999600079984,Exploratory conditional OOF inference; no full-pipeline refit,0.00399920015996801,TRUE
1,model_minus_weibull,neural,prior,original,weibull,brier,0.000210494197174838,0.005,-0.000307829474699478,0.000733331927658659,0.0001999600079984,0.0001999600079984,0.0001999600079984,TRUE,TRUE,5000,0.0001999600079984,Exploratory conditional OOF inference; no full-pipeline refit,0.00399920015996801,TRUE
1,prior_minus_current,xgboost,prior,original,xgboost,auc,-0.000589151272019528,0.0001,-0.00175125139390707,0.000567692761379516,0.759448110377924,0.158368326334733,0.759448110377924,FALSE,FALSE,5000,0.0001999600079984,Exploratory conditional OOF inference; no full-pipeline refit,1,FALSE
1,prior_minus_current,xgboost,prior,original,xgboost,auc,-0.000589151272019528,0.0002,-0.00175125139390707,0.000567692761379516,0.715256948610278,0.128574285142971,0.715256948610278,FALSE,FALSE,5000,0.0001999600079984,Exploratory conditional OOF inference; no full-pipeline refit,1,FALSE
1,prior_minus_current,xgboost,prior,original,xgboost,auc,-0.000589151272019528,0.0005,-0.00175125139390707,0.000567692761379516,0.555288942211558,0.0627874425114977,0.555288942211558,FALSE,FALSE,5000,0.0001999600079984,Exploratory conditional OOF inference; no full-pipeline refit,1,FALSE
1,prior_minus_current,xgboost,prior,original,xgboost,auc,-0.000589151272019528,0.001,-0.00175125139390707,0.000567692761379516,0.279144171165767,0.0113977204559088,0.279144171165767,FALSE,FALSE,5000,0.0001999600079984,Exploratory conditional OOF inference; no full-pipeline refit,1,FALSE
1,prior_minus_current,xgboost,prior,original,xgboost,auc,-0.000589151272019528,0.002,-0.00175125139390707,0.000567692761379516,0.0243951209758048,0.000399920015996801,0.0243951209758048,TRUE,TRUE,5000,0.0001999600079984,Exploratory conditional OOF inference; no full-pipeline refit,0.414717056588682,FALSE
1,prior_minus_current,xgboost,prior,original,xgboost,auc,-0.000589151272019528,0.005,-0.00175125139390707,0.000567692761379516,0.0001999600079984,0.0001999600079984,0.0001999600079984,TRUE,TRUE,5000,0.0001999600079984,Exploratory conditional OOF inference; no full-pipeline refit,0.00399920015996801,TRUE
1,prior_minus_current,xgboost,prior,original,xgboost,auc,-0.000589151272019528,0.01,-0.00175125139390707,0.000567692761379516,0.0001999600079984,0.0001999600079984,0.0001999600079984,TRUE,TRUE,5000,0.0001999600079984,Exploratory conditional OOF inference; no full-pipeline refit,0.00399920015996801,TRUE
1,prior_minus_current,xgboost,prior,original,xgboost,auc,-0.000589151272019528,0.02,-0.00175125139390707,0.000567692761379516,0.0001999600079984,0.0001999600079984,0.0001999600079984,TRUE,TRUE,5000,0.0001999600079984,Exploratory conditional OOF inference; no full-pipeline refit,0.00399920015996801,TRUE
1,prior_minus_current,xgboost,prior,original,xgboost,auc,-0.000589151272019528,0.05,-0.00175125139390707,0.000567692761379516,0.0001999600079984,0.0001999600079984,0.0001999600079984,TRUE,TRUE,5000,0.0001999600079984,Exploratory conditional OOF inference; no full-pipeline refit,0.00399920015996801,TRUE
1,prior_minus_current,xgboost,prior,original,xgboost,brier,0.0000101584612083178,0.00001,-0.000268206725027699,0.000295969787497835,0.448510297940412,0.502699460107978,0.502699460107978,FALSE,FALSE,5000,0.0001999600079984,Exploratory conditional OOF inference; no full-pipeline refit,1,FALSE
1,prior_minus_current,xgboost,prior,original,xgboost,brier,0.0000101584612083178,0.00002,-0.000268206725027699,0.000295969787497835,0.427714457108578,0.478504299140172,0.478504299140172,FALSE,FALSE,5000,0.0001999600079984,Exploratory conditional OOF inference; no full-pipeline refit,1,FALSE
1,prior_minus_current,xgboost,prior,original,xgboost,brier,0.0000101584612083178,0.00005,-0.000268206725027699,0.000295969787497835,0.359128174365127,0.406118776244751,0.406118776244751,FALSE,FALSE,5000,0.0001999600079984,Exploratory conditional OOF inference; no full-pipeline refit,1,FALSE
1,prior_minus_current,xgboost,prior,original,xgboost,brier,0.0000101584612083178,0.0001,-0.000268206725027699,0.000295969787497835,0.261147770445911,0.306938612277544,0.306938612277544,FALSE,FALSE,5000,0.0001999600079984,Exploratory conditional OOF inference; no full-pipeline refit,1,FALSE
1,prior_minus_current,xgboost,prior,original,xgboost,brier,0.0000101584612083178,0.0002,-0.000268206725027699,0.000295969787497835,0.103179364127175,0.141571685662867,0.141571685662867,FALSE,FALSE,5000,0.0001999600079984,Exploratory conditional OOF inference; no full-pipeline refit,1,FALSE
1,prior_minus_current,xgboost,prior,original,xgboost,brier,0.0000101584612083178,0.0005,-0.000268206725027699,0.000295969787497835,0.0013997200559888,0.0027994401119776,0.0027994401119776,TRUE,TRUE,5000,0.0001999600079984,Exploratory conditional OOF inference; no full-pipeline refit,0.0475904819036193,TRUE
1,prior_minus_current,xgboost,prior,original,xgboost,brier,0.0000101584612083178,0.001,-0.000268206725027699,0.000295969787497835,0.0001999600079984,0.0001999600079984,0.0001999600079984,TRUE,TRUE,5000,0.0001999600079984,Exploratory conditional OOF inference; no full-pipeline refit,0.00399920015996801,TRUE
1,prior_minus_current,xgboost,prior,original,xgboost,brier,0.0000101584612083178,0.002,-0.000268206725027699,0.000295969787497835,0.0001999600079984,0.0001999600079984,0.0001999600079984,TRUE,TRUE,5000,0.0001999600079984,Exploratory conditional OOF inference; no full-pipeline refit,0.00399920015996801,TRUE
1,prior_minus_current,xgboost,prior,original,xgboost,brier,0.0000101584612083178,0.005,-0.000268206725027699,0.000295969787497835,0.0001999600079984,0.0001999600079984,0.0001999600079984,TRUE,TRUE,5000,0.0001999600079984,Exploratory conditional OOF inference; no full-pipeline refit,0.00399920015996801,TRUE
1,model_minus_weibull,xgboost,prior,original,weibull,auc,-0.00816977659232954,0.0001,-0.0118235470047127,-0.00450742353918422,1,0.0001999600079984,1,FALSE,FALSE,5000,0.0001999600079984,Exploratory conditional OOF inference; no full-pipeline refit,1,FALSE
1,model_minus_weibull,xgboost,prior,original,weibull,auc,-0.00816977659232954,0.0002,-0.0118235470047127,-0.00450742353918422,1,0.0001999600079984,1,FALSE,FALSE,5000,0.0001999600079984,Exploratory conditional OOF inference; no full-pipeline refit,1,FALSE
1,model_minus_weibull,xgboost,prior,original,weibull,auc,-0.00816977659232954,0.0005,-0.0118235470047127,-0.00450742353918422,1,0.0001999600079984,1,FALSE,FALSE,5000,0.0001999600079984,Exploratory conditional OOF inference; no full-pipeline refit,1,FALSE
1,model_minus_weibull,xgboost,prior,original,weibull,auc,-0.00816977659232954,0.001,-0.0118235470047127,-0.00450742353918422,0.999400119976005,0.0001999600079984,0.999400119976005,FALSE,FALSE,5000,0.0001999600079984,Exploratory conditional OOF inference; no full-pipeline refit,1,FALSE
1,model_minus_weibull,xgboost,prior,original,weibull,auc,-0.00816977659232954,0.002,-0.0118235470047127,-0.00450742353918422,0.998200359928014,0.0001999600079984,0.998200359928014,FALSE,FALSE,5000,0.0001999600079984,Exploratory conditional OOF inference; no full-pipeline refit,1,FALSE
1,model_minus_weibull,xgboost,prior,original,weibull,auc,-0.00816977659232954,0.005,-0.0118235470047127,-0.00450742353918422,0.922615476904619,0.0001999600079984,0.922615476904619,FALSE,FALSE,5000,0.0001999600079984,Exploratory conditional OOF inference; no full-pipeline refit,1,FALSE
1,model_minus_weibull,xgboost,prior,original,weibull,auc,-0.00816977659232954,0.01,-0.0118235470047127,-0.00450742353918422,0.210757848430314,0.0001999600079984,0.210757848430314,FALSE,FALSE,5000,0.0001999600079984,Exploratory conditional OOF inference; no full-pipeline refit,0.632273545290942,FALSE
1,model_minus_weibull,xgboost,prior,original,weibull,auc,-0.00816977659232954,0.02,-0.0118235470047127,-0.00450742353918422,0.0001999600079984,0.0001999600079984,0.0001999600079984,TRUE,TRUE,5000,0.0001999600079984,Exploratory conditional OOF inference; no full-pipeline refit,0.00399920015996801,TRUE
1,model_minus_weibull,xgboost,prior,original,weibull,auc,-0.00816977659232954,0.05,-0.0118235470047127,-0.00450742353918422,0.0001999600079984,0.0001999600079984,0.0001999600079984,TRUE,TRUE,5000,0.0001999600079984,Exploratory conditional OOF inference; no full-pipeline refit,0.00399920015996801,TRUE
1,model_minus_weibull,xgboost,prior,original,weibull,brier,0.00101292507690583,0.00001,0.000332327424586476,0.00171671637519301,0.00759848030393921,0.992201559688062,0.992201559688062,FALSE,FALSE,5000,0.0001999600079984,Exploratory conditional OOF inference; no full-pipeline refit,1,FALSE
1,model_minus_weibull,xgboost,prior,original,weibull,brier,0.00101292507690583,0.00002,0.000332327424586476,0.00171671637519301,0.00759848030393921,0.991801639672066,0.991801639672066,FALSE,FALSE,5000,0.0001999600079984,Exploratory conditional OOF inference; no full-pipeline refit,1,FALSE
1,model_minus_weibull,xgboost,prior,original,weibull,brier,0.00101292507690583,0.00005,0.000332327424586476,0.00171671637519301,0.00619876024795041,0.989802039592082,0.989802039592082,FALSE,FALSE,5000,0.0001999600079984,Exploratory conditional OOF inference; no full-pipeline refit,1,FALSE
1,model_minus_weibull,xgboost,prior,original,weibull,brier,0.00101292507690583,0.0001,0.000332327424586476,0.00171671637519301,0.00479904019196161,0.987602479504099,0.987602479504099,FALSE,FALSE,5000,0.0001999600079984,Exploratory conditional OOF inference; no full-pipeline refit,1,FALSE
1,model_minus_weibull,xgboost,prior,original,weibull,brier,0.00101292507690583,0.0002,0.000332327424586476,0.00171671637519301,0.001999600079984,0.977204559088182,0.977204559088182,FALSE,FALSE,5000,0.0001999600079984,Exploratory conditional OOF inference; no full-pipeline refit,1,FALSE
1,model_minus_weibull,xgboost,prior,original,weibull,brier,0.00101292507690583,0.0005,0.000332327424586476,0.00171671637519301,0.000599880023995201,0.891021795640872,0.891021795640872,FALSE,FALSE,5000,0.0001999600079984,Exploratory conditional OOF inference; no full-pipeline refit,1,FALSE
1,model_minus_weibull,xgboost,prior,original,weibull,brier,0.00101292507690583,0.001,0.000332327424586476,0.00171671637519301,0.0001999600079984,0.510297940411918,0.510297940411918,FALSE,FALSE,5000,0.0001999600079984,Exploratory conditional OOF inference; no full-pipeline refit,1,FALSE
1,model_minus_weibull,xgboost,prior,original,weibull,brier,0.00101292507690583,0.002,0.000332327424586476,0.00171671637519301,0.0001999600079984,0.0107978404319136,0.0107978404319136,TRUE,TRUE,5000,0.0001999600079984,Exploratory conditional OOF inference; no full-pipeline refit,0.0407918416316737,TRUE
1,model_minus_weibull,xgboost,prior,original,weibull,brier,0.00101292507690583,0.005,0.000332327424586476,0.00171671637519301,0.0001999600079984,0.0001999600079984,0.0001999600079984,TRUE,TRUE,5000,0.0001999600079984,Exploratory conditional OOF inference; no full-pipeline refit,0.00399920015996801,TRUE
1,augmented_minus_original,weibull,current,augmented,weibull,auc,-0.00280104666934367,0.0001,-0.00523017378035671,-0.000344260826025681,0.965606878624275,0.0251949610077984,0.965606878624275,FALSE,FALSE,5000,0.0001999600079984,Exploratory conditional OOF inference; no full-pipeline refit,1,FALSE
1,augmented_minus_original,weibull,current,augmented,weibull,auc,-0.00280104666934367,0.0002,-0.00523017378035671,-0.000344260826025681,0.958408318336333,0.0215956808638272,0.958408318336333,FALSE,FALSE,5000,0.0001999600079984,Exploratory conditional OOF inference; no full-pipeline refit,1,FALSE
1,augmented_minus_original,weibull,current,augmented,weibull,auc,-0.00280104666934367,0.0005,-0.00523017378035671,-0.000344260826025681,0.939812037592482,0.0135972805438912,0.939812037592482,FALSE,FALSE,5000,0.0001999600079984,Exploratory conditional OOF inference; no full-pipeline refit,1,FALSE
1,augmented_minus_original,weibull,current,augmented,weibull,auc,-0.00280104666934367,0.001,-0.00523017378035671,-0.000344260826025681,0.884423115376925,0.00519896020795841,0.884423115376925,FALSE,FALSE,5000,0.0001999600079984,Exploratory conditional OOF inference; no full-pipeline refit,1,FALSE
1,augmented_minus_original,weibull,current,augmented,weibull,auc,-0.00280104666934367,0.002,-0.00523017378035671,-0.000344260826025681,0.715656868626275,0.000999800039992002,0.715656868626275,FALSE,FALSE,5000,0.0001999600079984,Exploratory conditional OOF inference; no full-pipeline refit,1,FALSE
1,augmented_minus_original,weibull,current,augmented,weibull,auc,-0.00280104666934367,0.005,-0.00523017378035671,-0.000344260826025681,0.0689862027594481,0.0001999600079984,0.0689862027594481,FALSE,FALSE,5000,0.0001999600079984,Exploratory conditional OOF inference; no full-pipeline refit,0.758848230353929,FALSE
1,augmented_minus_original,weibull,current,augmented,weibull,auc,-0.00280104666934367,0.01,-0.00523017378035671,-0.000344260826025681,0.0001999600079984,0.0001999600079984,0.0001999600079984,TRUE,TRUE,5000,0.0001999600079984,Exploratory conditional OOF inference; no full-pipeline refit,0.00399920015996801,TRUE
1,augmented_minus_original,weibull,current,augmented,weibull,auc,-0.00280104666934367,0.02,-0.00523017378035671,-0.000344260826025681,0.0001999600079984,0.0001999600079984,0.0001999600079984,TRUE,TRUE,5000,0.0001999600079984,Exploratory conditional OOF inference; no full-pipeline refit,0.00399920015996801,TRUE
1,augmented_minus_original,weibull,current,augmented,weibull,auc,-0.00280104666934367,0.05,-0.00523017378035671,-0.000344260826025681,0.0001999600079984,0.0001999600079984,0.0001999600079984,TRUE,TRUE,5000,0.0001999600079984,Exploratory conditional OOF inference; no full-pipeline refit,0.00399920015996801,TRUE
1,augmented_minus_original,weibull,current,augmented,weibull,brier,0.000383267888224098,0.00001,-0.000143456115635115,0.00092620533419489,0.107578484303139,0.881023795240952,0.881023795240952,FALSE,FALSE,5000,0.0001999600079984,Exploratory conditional OOF inference; no full-pipeline refit,1,FALSE
1,augmented_minus_original,weibull,current,augmented,weibull,brier,0.000383267888224098,0.00002,-0.000143456115635115,0.00092620533419489,0.102779444111178,0.873225354929014,0.873225354929014,FALSE,FALSE,5000,0.0001999600079984,Exploratory conditional OOF inference; no full-pipeline refit,1,FALSE
1,augmented_minus_original,weibull,current,augmented,weibull,brier,0.000383267888224098,0.00005,-0.000143456115635115,0.00092620533419489,0.0871825634873025,0.851429714057189,0.851429714057189,FALSE,FALSE,5000,0.0001999600079984,Exploratory conditional OOF inference; no full-pipeline refit,1,FALSE
1,augmented_minus_original,weibull,current,augmented,weibull,brier,0.000383267888224098,0.0001,-0.000143456115635115,0.00092620533419489,0.0663867226554689,0.813237352529494,0.813237352529494,FALSE,FALSE,5000,0.0001999600079984,Exploratory conditional OOF inference; no full-pipeline refit,1,FALSE
1,augmented_minus_original,weibull,current,augmented,weibull,brier,0.000383267888224098,0.0002,-0.000143456115635115,0.00092620533419489,0.0357928414317137,0.713257348530294,0.713257348530294,FALSE,FALSE,5000,0.0001999600079984,Exploratory conditional OOF inference; no full-pipeline refit,1,FALSE
1,augmented_minus_original,weibull,current,augmented,weibull,brier,0.000383267888224098,0.0005,-0.000143456115635115,0.00092620533419489,0.00359928014397121,0.368326334733053,0.368326334733053,FALSE,FALSE,5000,0.0001999600079984,Exploratory conditional OOF inference; no full-pipeline refit,1,FALSE
1,augmented_minus_original,weibull,current,augmented,weibull,brier,0.000383267888224098,0.001,-0.000143456115635115,0.00092620533419489,0.000399920015996801,0.031993601279744,0.031993601279744,TRUE,TRUE,5000,0.0001999600079984,Exploratory conditional OOF inference; no full-pipeline refit,0.387322535492901,FALSE
1,augmented_minus_original,weibull,current,augmented,weibull,brier,0.000383267888224098,0.002,-0.000143456115635115,0.00092620533419489,0.0001999600079984,0.0001999600079984,0.0001999600079984,TRUE,TRUE,5000,0.0001999600079984,Exploratory conditional OOF inference; no full-pipeline refit,0.00399920015996801,TRUE
1,augmented_minus_original,weibull,current,augmented,weibull,brier,0.000383267888224098,0.005,-0.000143456115635115,0.00092620533419489,0.0001999600079984,0.0001999600079984,0.0001999600079984,TRUE,TRUE,5000,0.0001999600079984,Exploratory conditional OOF inference; no full-pipeline refit,0.00399920015996801,TRUE
1,augmented_minus_original,neural,current,augmented,neural,auc,-0.00382372768916062,0.0001,-0.00575122516277533,-0.00187314065841323,0.99880023995201,0.000999800039992002,0.99880023995201,FALSE,FALSE,5000,0.0001999600079984,Exploratory conditional OOF inference; no full-pipeline refit,1,FALSE
1,augmented_minus_original,neural,current,augmented,neural,auc,-0.00382372768916062,0.0002,-0.00575122516277533,-0.00187314065841323,0.998600279944011,0.000999800039992002,0.998600279944011,FALSE,FALSE,5000,0.0001999600079984,Exploratory conditional OOF inference; no full-pipeline refit,1,FALSE
1,augmented_minus_original,neural,current,augmented,neural,auc,-0.00382372768916062,0.0005,-0.00575122516277533,-0.00187314065841323,0.99620075984803,0.000399920015996801,0.99620075984803,FALSE,FALSE,5000,0.0001999600079984,Exploratory conditional OOF inference; no full-pipeline refit,1,FALSE
1,augmented_minus_original,neural,current,augmented,neural,auc,-0.00382372768916062,0.001,-0.00575122516277533,-0.00187314065841323,0.989802039592082,0.0001999600079984,0.989802039592082,FALSE,FALSE,5000,0.0001999600079984,Exploratory conditional OOF inference; no full-pipeline refit,1,FALSE
1,augmented_minus_original,neural,current,augmented,neural,auc,-0.00382372768916062,0.002,-0.00575122516277533,-0.00187314065841323,0.939212157568486,0.0001999600079984,0.939212157568486,FALSE,FALSE,5000,0.0001999600079984,Exploratory conditional OOF inference; no full-pipeline refit,1,FALSE
1,augmented_minus_original,neural,current,augmented,neural,auc,-0.00382372768916062,0.005,-0.00575122516277533,-0.00187314065841323,0.166366726654669,0.0001999600079984,0.166366726654669,FALSE,FALSE,5000,0.0001999600079984,Exploratory conditional OOF inference; no full-pipeline refit,1,FALSE
1,augmented_minus_original,neural,current,augmented,neural,auc,-0.00382372768916062,0.01,-0.00575122516277533,-0.00187314065841323,0.0001999600079984,0.0001999600079984,0.0001999600079984,TRUE,TRUE,5000,0.0001999600079984,Exploratory conditional OOF inference; no full-pipeline refit,0.00399920015996801,TRUE
1,augmented_minus_original,neural,current,augmented,neural,auc,-0.00382372768916062,0.02,-0.00575122516277533,-0.00187314065841323,0.0001999600079984,0.0001999600079984,0.0001999600079984,TRUE,TRUE,5000,0.0001999600079984,Exploratory conditional OOF inference; no full-pipeline refit,0.00399920015996801,TRUE
1,augmented_minus_original,neural,current,augmented,neural,auc,-0.00382372768916062,0.05,-0.00575122516277533,-0.00187314065841323,0.0001999600079984,0.0001999600079984,0.0001999600079984,TRUE,TRUE,5000,0.0001999600079984,Exploratory conditional OOF inference; no full-pipeline refit,0.00399920015996801,TRUE
1,augmented_minus_original,neural,current,augmented,neural,brier,0.00130763656828656,0.00001,0.000814938974340925,0.0018030769570817,0.0001999600079984,1,1,FALSE,FALSE,5000,0.0001999600079984,Exploratory conditional OOF inference; no full-pipeline refit,1,FALSE
1,augmented_minus_original,neural,current,augmented,neural,brier,0.00130763656828656,0.00002,0.000814938974340925,0.0018030769570817,0.0001999600079984,1,1,FALSE,FALSE,5000,0.0001999600079984,Exploratory conditional OOF inference; no full-pipeline refit,1,FALSE
1,augmented_minus_original,neural,current,augmented,neural,brier,0.00130763656828656,0.00005,0.000814938974340925,0.0018030769570817,0.0001999600079984,1,1,FALSE,FALSE,5000,0.0001999600079984,Exploratory conditional OOF inference; no full-pipeline refit,1,FALSE
1,augmented_minus_original,neural,current,augmented,neural,brier,0.00130763656828656,0.0001,0.000814938974340925,0.0018030769570817,0.0001999600079984,1,1,FALSE,FALSE,5000,0.0001999600079984,Exploratory conditional OOF inference; no full-pipeline refit,1,FALSE
1,augmented_minus_original,neural,current,augmented,neural,brier,0.00130763656828656,0.0002,0.000814938974340925,0.0018030769570817,0.0001999600079984,1,1,FALSE,FALSE,5000,0.0001999600079984,Exploratory conditional OOF inference; no full-pipeline refit,1,FALSE
1,augmented_minus_original,neural,current,augmented,neural,brier,0.00130763656828656,0.0005,0.000814938974340925,0.0018030769570817,0.0001999600079984,0.997400519896021,0.997400519896021,FALSE,FALSE,5000,0.0001999600079984,Exploratory conditional OOF inference; no full-pipeline refit,1,FALSE
1,augmented_minus_original,neural,current,augmented,neural,brier,0.00130763656828656,0.001,0.000814938974340925,0.0018030769570817,0.0001999600079984,0.843831233753249,0.843831233753249,FALSE,FALSE,5000,0.0001999600079984,Exploratory conditional OOF inference; no full-pipeline refit,1,FALSE
1,augmented_minus_original,neural,current,augmented,neural,brier,0.00130763656828656,0.002,0.000814938974340925,0.0018030769570817,0.0001999600079984,0.0101979604079184,0.0101979604079184,TRUE,TRUE,5000,0.0001999600079984,Exploratory conditional OOF inference; no full-pipeline refit,0.0407918416316737,TRUE
1,augmented_minus_original,neural,current,augmented,neural,brier,0.00130763656828656,0.005,0.000814938974340925,0.0018030769570817,0.0001999600079984,0.0001999600079984,0.0001999600079984,TRUE,TRUE,5000,0.0001999600079984,Exploratory conditional OOF inference; no full-pipeline refit,0.00399920015996801,TRUE
1,model_minus_weibull,neural,current,augmented,weibull,auc,-0.00145302089312827,0.0001,-0.00358648989266239,0.00073033569488011,0.850229954009198,0.115776844631074,0.850229954009198,FALSE,FALSE,5000,0.0001999600079984,Exploratory conditional OOF inference; no full-pipeline refit,1,FALSE
1,model_minus_weibull,neural,current,augmented,weibull,auc,-0.00145302089312827,0.0002,-0.00358648989266239,0.00073033569488011,0.829034193161368,0.099380123975205,0.829034193161368,FALSE,FALSE,5000,0.0001999600079984,Exploratory conditional OOF inference; no full-pipeline refit,1,FALSE
1,model_minus_weibull,neural,current,augmented,weibull,auc,-0.00145302089312827,0.0005,-0.00358648989266239,0.00073033569488011,0.768646270745851,0.0665866826634673,0.768646270745851,FALSE,FALSE,5000,0.0001999600079984,Exploratory conditional OOF inference; no full-pipeline refit,1,FALSE
1,model_minus_weibull,neural,current,augmented,weibull,auc,-0.00145302089312827,0.001,-0.00358648989266239,0.00073033569488011,0.630673865226955,0.0349930013997201,0.630673865226955,FALSE,FALSE,5000,0.0001999600079984,Exploratory conditional OOF inference; no full-pipeline refit,1,FALSE
1,model_minus_weibull,neural,current,augmented,weibull,auc,-0.00145302089312827,0.002,-0.00358648989266239,0.00073033569488011,0.34253149370126,0.00479904019196161,0.34253149370126,FALSE,FALSE,5000,0.0001999600079984,Exploratory conditional OOF inference; no full-pipeline refit,1,FALSE
1,model_minus_weibull,neural,current,augmented,weibull,auc,-0.00145302089312827,0.005,-0.00358648989266239,0.00073033569488011,0.00399920015996801,0.0001999600079984,0.00399920015996801,TRUE,TRUE,5000,0.0001999600079984,Exploratory conditional OOF inference; no full-pipeline refit,0.0519896020795841,FALSE
1,model_minus_weibull,neural,current,augmented,weibull,auc,-0.00145302089312827,0.01,-0.00358648989266239,0.00073033569488011,0.0001999600079984,0.0001999600079984,0.0001999600079984,TRUE,TRUE,5000,0.0001999600079984,Exploratory conditional OOF inference; no full-pipeline refit,0.00399920015996801,TRUE
1,model_minus_weibull,neural,current,augmented,weibull,auc,-0.00145302089312827,0.02,-0.00358648989266239,0.00073033569488011,0.0001999600079984,0.0001999600079984,0.0001999600079984,TRUE,TRUE,5000,0.0001999600079984,Exploratory conditional OOF inference; no full-pipeline refit,0.00399920015996801,TRUE
1,model_minus_weibull,neural,current,augmented,weibull,auc,-0.00145302089312827,0.05,-0.00358648989266239,0.00073033569488011,0.0001999600079984,0.0001999600079984,0.0001999600079984,TRUE,TRUE,5000,0.0001999600079984,Exploratory conditional OOF inference; no full-pipeline refit,0.00399920015996801,TRUE
1,model_minus_weibull,neural,current,augmented,weibull,brier,0.00111045185699518,0.00001,0.000580758069841962,0.00162409281374098,0.0001999600079984,1,1,FALSE,FALSE,5000,0.0001999600079984,Exploratory conditional OOF inference; no full-pipeline refit,1,FALSE
1,model_minus_weibull,neural,current,augmented,weibull,brier,0.00111045185699518,0.00002,0.000580758069841962,0.00162409281374098,0.0001999600079984,0.999800039992002,0.999800039992002,FALSE,FALSE,5000,0.0001999600079984,Exploratory conditional OOF inference; no full-pipeline refit,1,FALSE
1,model_minus_weibull,neural,current,augmented,weibull,brier,0.00111045185699518,0.00005,0.000580758069841962,0.00162409281374098,0.0001999600079984,0.999800039992002,0.999800039992002,FALSE,FALSE,5000,0.0001999600079984,Exploratory conditional OOF inference; no full-pipeline refit,1,FALSE
1,model_minus_weibull,neural,current,augmented,weibull,brier,0.00111045185699518,0.0001,0.000580758069841962,0.00162409281374098,0.0001999600079984,0.999200159968006,0.999200159968006,FALSE,FALSE,5000,0.0001999600079984,Exploratory conditional OOF inference; no full-pipeline refit,1,FALSE
1,model_minus_weibull,neural,current,augmented,weibull,brier,0.00111045185699518,0.0002,0.000580758069841962,0.00162409281374098,0.0001999600079984,0.997400519896021,0.997400519896021,FALSE,FALSE,5000,0.0001999600079984,Exploratory conditional OOF inference; no full-pipeline refit,1,FALSE
1,model_minus_weibull,neural,current,augmented,weibull,brier,0.00111045185699518,0.0005,0.000580758069841962,0.00162409281374098,0.0001999600079984,0.972005598880224,0.972005598880224,FALSE,FALSE,5000,0.0001999600079984,Exploratory conditional OOF inference; no full-pipeline refit,1,FALSE
1,model_minus_weibull,neural,current,augmented,weibull,brier,0.00111045185699518,0.001,0.000580758069841962,0.00162409281374098,0.0001999600079984,0.635472905418916,0.635472905418916,FALSE,FALSE,5000,0.0001999600079984,Exploratory conditional OOF inference; no full-pipeline refit,1,FALSE
1,model_minus_weibull,neural,current,augmented,weibull,brier,0.00111045185699518,0.002,0.000580758069841962,0.00162409281374098,0.0001999600079984,0.0015996800639872,0.0015996800639872,TRUE,TRUE,5000,0.0001999600079984,Exploratory conditional OOF inference; no full-pipeline refit,0.0143971205758848,TRUE
1,model_minus_weibull,neural,current,augmented,weibull,brier,0.00111045185699518,0.005,0.000580758069841962,0.00162409281374098,0.0001999600079984,0.0001999600079984,0.0001999600079984,TRUE,TRUE,5000,0.0001999600079984,Exploratory conditional OOF inference; no full-pipeline refit,0.00399920015996801,TRUE
1,augmented_minus_original,xgboost,current,augmented,xgboost,auc,-0.00477456946759536,0.0001,-0.00814028621757368,-0.00147706682950882,0.989402119576085,0.00859828034393121,0.989402119576085,FALSE,FALSE,5000,0.0001999600079984,Exploratory conditional OOF inference; no full-pipeline refit,1,FALSE
1,augmented_minus_original,xgboost,current,augmented,xgboost,auc,-0.00477456946759536,0.0002,-0.00814028621757368,-0.00147706682950882,0.98880223955209,0.00759848030393921,0.98880223955209,FALSE,FALSE,5000,0.0001999600079984,Exploratory conditional OOF inference; no full-pipeline refit,1,FALSE
1,augmented_minus_original,xgboost,current,augmented,xgboost,auc,-0.00477456946759536,0.0005,-0.00814028621757368,-0.00147706682950882,0.98380323935213,0.00519896020795841,0.98380323935213,FALSE,FALSE,5000,0.0001999600079984,Exploratory conditional OOF inference; no full-pipeline refit,1,FALSE
1,augmented_minus_original,xgboost,current,augmented,xgboost,auc,-0.00477456946759536,0.001,-0.00814028621757368,-0.00147706682950882,0.97120575884823,0.0017996400719856,0.97120575884823,FALSE,FALSE,5000,0.0001999600079984,Exploratory conditional OOF inference; no full-pipeline refit,1,FALSE
1,augmented_minus_original,xgboost,current,augmented,xgboost,auc,-0.00477456946759536,0.002,-0.00814028621757368,-0.00147706682950882,0.909418116376725,0.0001999600079984,0.909418116376725,FALSE,FALSE,5000,0.0001999600079984,Exploratory conditional OOF inference; no full-pipeline refit,1,FALSE
1,augmented_minus_original,xgboost,current,augmented,xgboost,auc,-0.00477456946759536,0.005,-0.00814028621757368,-0.00147706682950882,0.457908418316337,0.0001999600079984,0.457908418316337,FALSE,FALSE,5000,0.0001999600079984,Exploratory conditional OOF inference; no full-pipeline refit,1,FALSE
1,augmented_minus_original,xgboost,current,augmented,xgboost,auc,-0.00477456946759536,0.01,-0.00814028621757368,-0.00147706682950882,0.00599880023995201,0.0001999600079984,0.00599880023995201,TRUE,TRUE,5000,0.0001999600079984,Exploratory conditional OOF inference; no full-pipeline refit,0.0359928014397121,TRUE
1,augmented_minus_original,xgboost,current,augmented,xgboost,auc,-0.00477456946759536,0.02,-0.00814028621757368,-0.00147706682950882,0.0001999600079984,0.0001999600079984,0.0001999600079984,TRUE,TRUE,5000,0.0001999600079984,Exploratory conditional OOF inference; no full-pipeline refit,0.00399920015996801,TRUE
1,augmented_minus_original,xgboost,current,augmented,xgboost,auc,-0.00477456946759536,0.05,-0.00814028621757368,-0.00147706682950882,0.0001999600079984,0.0001999600079984,0.0001999600079984,TRUE,TRUE,5000,0.0001999600079984,Exploratory conditional OOF inference; no full-pipeline refit,0.00399920015996801,TRUE
1,augmented_minus_original,xgboost,current,augmented,xgboost,brier,0.000579454214339456,0.00001,-0.00006050811179454,0.00123535448103599,0.0653869226154769,0.929014197160568,0.929014197160568,FALSE,FALSE,5000,0.0001999600079984,Exploratory conditional OOF inference; no full-pipeline refit,1,FALSE
1,augmented_minus_original,xgboost,current,augmented,xgboost,brier,0.000579454214339456,0.00002,-0.00006050811179454,0.00123535448103599,0.0615876824635073,0.92621475704859,0.92621475704859,FALSE,FALSE,5000,0.0001999600079984,Exploratory conditional OOF inference; no full-pipeline refit,1,FALSE
1,augmented_minus_original,xgboost,current,augmented,xgboost,brier,0.000579454214339456,0.00005,-0.00006050811179454,0.00123535448103599,0.0527894421115777,0.915816836632673,0.915816836632673,FALSE,FALSE,5000,0.0001999600079984,Exploratory conditional OOF inference; no full-pipeline refit,1,FALSE
1,augmented_minus_original,xgboost,current,augmented,xgboost,brier,0.000579454214339456,0.0001,-0.00006050811179454,0.00123535448103599,0.0409918016396721,0.887422515496901,0.887422515496901,FALSE,FALSE,5000,0.0001999600079984,Exploratory conditional OOF inference; no full-pipeline refit,1,FALSE
1,augmented_minus_original,xgboost,current,augmented,xgboost,brier,0.000579454214339456,0.0002,-0.00006050811179454,0.00123535448103599,0.0233953209358128,0.831833633273345,0.831833633273345,FALSE,FALSE,5000,0.0001999600079984,Exploratory conditional OOF inference; no full-pipeline refit,1,FALSE
1,augmented_minus_original,xgboost,current,augmented,xgboost,brier,0.000579454214339456,0.0005,-0.00006050811179454,0.00123535448103599,0.0031993601279744,0.589082183563287,0.589082183563287,FALSE,FALSE,5000,0.0001999600079984,Exploratory conditional OOF inference; no full-pipeline refit,1,FALSE
1,augmented_minus_original,xgboost,current,augmented,xgboost,brier,0.000579454214339456,0.001,-0.00006050811179454,0.00123535448103599,0.0001999600079984,0.152169566086783,0.152169566086783,FALSE,FALSE,5000,0.0001999600079984,Exploratory conditional OOF inference; no full-pipeline refit,1,FALSE
1,augmented_minus_original,xgboost,current,augmented,xgboost,brier,0.000579454214339456,0.002,-0.00006050811179454,0.00123535448103599,0.0001999600079984,0.000399920015996801,0.000399920015996801,TRUE,TRUE,5000,0.0001999600079984,Exploratory conditional OOF inference; no full-pipeline refit,0.00399920015996801,TRUE
1,augmented_minus_original,xgboost,current,augmented,xgboost,brier,0.000579454214339456,0.005,-0.00006050811179454,0.00123535448103599,0.0001999600079984,0.0001999600079984,0.0001999600079984,TRUE,TRUE,5000,0.0001999600079984,Exploratory conditional OOF inference; no full-pipeline refit,0.00399920015996801,TRUE
1,model_minus_weibull,xgboost,current,augmented,weibull,auc,-0.00968212808662061,0.0001,-0.013202883627203,-0.00597504345111444,1,0.0001999600079984,1,FALSE,FALSE,5000,0.0001999600079984,Exploratory conditional OOF inference; no full-pipeline refit,1,FALSE
1,model_minus_weibull,xgboost,current,augmented,weibull,auc,-0.00968212808662061,0.0002,-0.013202883627203,-0.00597504345111444,1,0.0001999600079984,1,FALSE,FALSE,5000,0.0001999600079984,Exploratory conditional OOF inference; no full-pipeline refit,1,FALSE
1,model_minus_weibull,xgboost,current,augmented,weibull,auc,-0.00968212808662061,0.0005,-0.013202883627203,-0.00597504345111444,1,0.0001999600079984,1,FALSE,FALSE,5000,0.0001999600079984,Exploratory conditional OOF inference; no full-pipeline refit,1,FALSE
1,model_minus_weibull,xgboost,current,augmented,weibull,auc,-0.00968212808662061,0.001,-0.013202883627203,-0.00597504345111444,1,0.0001999600079984,1,FALSE,FALSE,5000,0.0001999600079984,Exploratory conditional OOF inference; no full-pipeline refit,1,FALSE
1,model_minus_weibull,xgboost,current,augmented,weibull,auc,-0.00968212808662061,0.002,-0.013202883627203,-0.00597504345111444,0.999400119976005,0.0001999600079984,0.999400119976005,FALSE,FALSE,5000,0.0001999600079984,Exploratory conditional OOF inference; no full-pipeline refit,1,FALSE
1,model_minus_weibull,xgboost,current,augmented,weibull,auc,-0.00968212808662061,0.005,-0.013202883627203,-0.00597504345111444,0.981003799240152,0.0001999600079984,0.981003799240152,FALSE,FALSE,5000,0.0001999600079984,Exploratory conditional OOF inference; no full-pipeline refit,1,FALSE
1,model_minus_weibull,xgboost,current,augmented,weibull,auc,-0.00968212808662061,0.01,-0.013202883627203,-0.00597504345111444,0.452109578084383,0.0001999600079984,0.452109578084383,FALSE,FALSE,5000,0.0001999600079984,Exploratory conditional OOF inference; no full-pipeline refit,0.904219156168766,FALSE
1,model_minus_weibull,xgboost,current,augmented,weibull,auc,-0.00968212808662061,0.02,-0.013202883627203,-0.00597504345111444,0.0001999600079984,0.0001999600079984,0.0001999600079984,TRUE,TRUE,5000,0.0001999600079984,Exploratory conditional OOF inference; no full-pipeline refit,0.00399920015996801,TRUE
1,model_minus_weibull,xgboost,current,augmented,weibull,auc,-0.00968212808662061,0.05,-0.013202883627203,-0.00597504345111444,0.0001999600079984,0.0001999600079984,0.0001999600079984,TRUE,TRUE,5000,0.0001999600079984,Exploratory conditional OOF inference; no full-pipeline refit,0.00399920015996801,TRUE
1,model_minus_weibull,xgboost,current,augmented,weibull,brier,0.0012073671764964,0.00001,0.000523040730524143,0.00188222628498858,0.0027994401119776,0.997200559888022,0.997200559888022,FALSE,FALSE,5000,0.0001999600079984,Exploratory conditional OOF inference; no full-pipeline refit,1,FALSE
1,model_minus_weibull,xgboost,current,augmented,weibull,brier,0.0012073671764964,0.00002,0.000523040730524143,0.00188222628498858,0.001999600079984,0.997200559888022,0.997200559888022,FALSE,FALSE,5000,0.0001999600079984,Exploratory conditional OOF inference; no full-pipeline refit,1,FALSE
1,model_minus_weibull,xgboost,current,augmented,weibull,brier,0.0012073671764964,0.00005,0.000523040730524143,0.00188222628498858,0.0017996400719856,0.996600679864027,0.996600679864027,FALSE,FALSE,5000,0.0001999600079984,Exploratory conditional OOF inference; no full-pipeline refit,1,FALSE
1,model_minus_weibull,xgboost,current,augmented,weibull,brier,0.0012073671764964,0.0001,0.000523040730524143,0.00188222628498858,0.000799840031993601,0.995200959808038,0.995200959808038,FALSE,FALSE,5000,0.0001999600079984,Exploratory conditional OOF inference; no full-pipeline refit,1,FALSE
1,model_minus_weibull,xgboost,current,augmented,weibull,brier,0.0012073671764964,0.0002,0.000523040730524143,0.00188222628498858,0.000399920015996801,0.992201559688062,0.992201559688062,FALSE,FALSE,5000,0.0001999600079984,Exploratory conditional OOF inference; no full-pipeline refit,1,FALSE
1,model_minus_weibull,xgboost,current,augmented,weibull,brier,0.0012073671764964,0.0005,0.000523040730524143,0.00188222628498858,0.0001999600079984,0.955208958208358,0.955208958208358,FALSE,FALSE,5000,0.0001999600079984,Exploratory conditional OOF inference; no full-pipeline refit,1,FALSE
1,model_minus_weibull,xgboost,current,augmented,weibull,brier,0.0012073671764964,0.001,0.000523040730524143,0.00188222628498858,0.0001999600079984,0.698060387922416,0.698060387922416,FALSE,FALSE,5000,0.0001999600079984,Exploratory conditional OOF inference; no full-pipeline refit,1,FALSE
1,model_minus_weibull,xgboost,current,augmented,weibull,brier,0.0012073671764964,0.002,0.000523040730524143,0.00188222628498858,0.0001999600079984,0.0283943211357728,0.0283943211357728,TRUE,TRUE,5000,0.0001999600079984,Exploratory conditional OOF inference; no full-pipeline refit,0.0567886422715457,FALSE
1,model_minus_weibull,xgboost,current,augmented,weibull,brier,0.0012073671764964,0.005,0.000523040730524143,0.00188222628498858,0.0001999600079984,0.0001999600079984,0.0001999600079984,TRUE,TRUE,5000,0.0001999600079984,Exploratory conditional OOF inference; no full-pipeline refit,0.00399920015996801,TRUE
1,prior_minus_current,weibull,prior,augmented,weibull,auc,-0.000430860029966396,0.0001,-0.00212711741796221,0.00127808903281208,0.624075184963007,0.30253949210158,0.624075184963007,FALSE,FALSE,5000,0.0001999600079984,Exploratory conditional OOF inference; no full-pipeline refit,1,FALSE
1,prior_minus_current,weibull,prior,augmented,weibull,auc,-0.000430860029966396,0.0002,-0.00212711741796221,0.00127808903281208,0.587282543491302,0.270545890821836,0.587282543491302,FALSE,FALSE,5000,0.0001999600079984,Exploratory conditional OOF inference; no full-pipeline refit,1,FALSE
1,prior_minus_current,weibull,prior,augmented,weibull,auc,-0.000430860029966396,0.0005,-0.00212711741796221,0.00127808903281208,0.475104979004199,0.182763447310538,0.475104979004199,FALSE,FALSE,5000,0.0001999600079984,Exploratory conditional OOF inference; no full-pipeline refit,1,FALSE
1,prior_minus_current,weibull,prior,augmented,weibull,auc,-0.000430860029966396,0.001,-0.00212711741796221,0.00127808903281208,0.296340731853629,0.0853829234153169,0.296340731853629,FALSE,FALSE,5000,0.0001999600079984,Exploratory conditional OOF inference; no full-pipeline refit,1,FALSE
1,prior_minus_current,weibull,prior,augmented,weibull,auc,-0.000430860029966396,0.002,-0.00212711741796221,0.00127808903281208,0.0651869626074785,0.0123975204959008,0.0651869626074785,FALSE,FALSE,5000,0.0001999600079984,Exploratory conditional OOF inference; no full-pipeline refit,1,FALSE
1,prior_minus_current,weibull,prior,augmented,weibull,auc,-0.000430860029966396,0.005,-0.00212711741796221,0.00127808903281208,0.0001999600079984,0.0001999600079984,0.0001999600079984,TRUE,TRUE,5000,0.0001999600079984,Exploratory conditional OOF inference; no full-pipeline refit,0.00399920015996801,TRUE
1,prior_minus_current,weibull,prior,augmented,weibull,auc,-0.000430860029966396,0.01,-0.00212711741796221,0.00127808903281208,0.0001999600079984,0.0001999600079984,0.0001999600079984,TRUE,TRUE,5000,0.0001999600079984,Exploratory conditional OOF inference; no full-pipeline refit,0.00399920015996801,TRUE
1,prior_minus_current,weibull,prior,augmented,weibull,auc,-0.000430860029966396,0.02,-0.00212711741796221,0.00127808903281208,0.0001999600079984,0.0001999600079984,0.0001999600079984,TRUE,TRUE,5000,0.0001999600079984,Exploratory conditional OOF inference; no full-pipeline refit,0.00399920015996801,TRUE
1,prior_minus_current,weibull,prior,augmented,weibull,auc,-0.000430860029966396,0.05,-0.00212711741796221,0.00127808903281208,0.0001999600079984,0.0001999600079984,0.0001999600079984,TRUE,TRUE,5000,0.0001999600079984,Exploratory conditional OOF inference; no full-pipeline refit,0.00399920015996801,TRUE
1,prior_minus_current,weibull,prior,augmented,weibull,brier,0.0000553807222966468,0.00001,-0.000194887912253778,0.000307072184161887,0.343531293741252,0.609878024395121,0.609878024395121,FALSE,FALSE,5000,0.0001999600079984,Exploratory conditional OOF inference; no full-pipeline refit,1,FALSE
1,prior_minus_current,weibull,prior,augmented,weibull,brier,0.0000553807222966468,0.00002,-0.000194887912253778,0.000307072184161887,0.318136372725455,0.583483303339332,0.583483303339332,FALSE,FALSE,5000,0.0001999600079984,Exploratory conditional OOF inference; no full-pipeline refit,1,FALSE
1,prior_minus_current,weibull,prior,augmented,weibull,brier,0.0000553807222966468,0.00005,-0.000194887912253778,0.000307072184161887,0.251349730053989,0.507098580283943,0.507098580283943,FALSE,FALSE,5000,0.0001999600079984,Exploratory conditional OOF inference; no full-pipeline refit,1,FALSE
1,prior_minus_current,weibull,prior,augmented,weibull,brier,0.0000553807222966468,0.0001,-0.000194887912253778,0.000307072184161887,0.157968406318736,0.392121575684863,0.392121575684863,FALSE,FALSE,5000,0.0001999600079984,Exploratory conditional OOF inference; no full-pipeline refit,1,FALSE
1,prior_minus_current,weibull,prior,augmented,weibull,brier,0.0000553807222966468,0.0002,-0.000194887912253778,0.000307072184161887,0.0455908818236353,0.181163767246551,0.181163767246551,FALSE,FALSE,5000,0.0001999600079984,Exploratory conditional OOF inference; no full-pipeline refit,1,FALSE
1,prior_minus_current,weibull,prior,augmented,weibull,brier,0.0000553807222966468,0.0005,-0.000194887912253778,0.000307072184161887,0.0001999600079984,0.00339932013597281,0.00339932013597281,TRUE,TRUE,5000,0.0001999600079984,Exploratory conditional OOF inference; no full-pipeline refit,0.0543891221755649,FALSE
1,prior_minus_current,weibull,prior,augmented,weibull,brier,0.0000553807222966468,0.001,-0.000194887912253778,0.000307072184161887,0.0001999600079984,0.0001999600079984,0.0001999600079984,TRUE,TRUE,5000,0.0001999600079984,Exploratory conditional OOF inference; no full-pipeline refit,0.00399920015996801,TRUE
1,prior_minus_current,weibull,prior,augmented,weibull,brier,0.0000553807222966468,0.002,-0.000194887912253778,0.000307072184161887,0.0001999600079984,0.0001999600079984,0.0001999600079984,TRUE,TRUE,5000,0.0001999600079984,Exploratory conditional OOF inference; no full-pipeline refit,0.00399920015996801,TRUE
1,prior_minus_current,weibull,prior,augmented,weibull,brier,0.0000553807222966468,0.005,-0.000194887912253778,0.000307072184161887,0.0001999600079984,0.0001999600079984,0.0001999600079984,TRUE,TRUE,5000,0.0001999600079984,Exploratory conditional OOF inference; no full-pipeline refit,0.00399920015996801,TRUE
1,augmented_minus_original,weibull,prior,augmented,weibull,auc,-0.00310392673125115,0.0001,-0.00575591150354799,-0.000450973052526329,0.968006398720256,0.0253949210157968,0.968006398720256,FALSE,FALSE,5000,0.0001999600079984,Exploratory conditional OOF inference; no full-pipeline refit,1,FALSE
1,augmented_minus_original,weibull,prior,augmented,weibull,auc,-0.00310392673125115,0.0002,-0.00575591150354799,-0.000450973052526329,0.96380723855229,0.021995600879824,0.96380723855229,FALSE,FALSE,5000,0.0001999600079984,Exploratory conditional OOF inference; no full-pipeline refit,1,FALSE
1,augmented_minus_original,weibull,prior,augmented,weibull,auc,-0.00310392673125115,0.0005,-0.00575591150354799,-0.000450973052526329,0.945810837832433,0.0133973205358928,0.945810837832433,FALSE,FALSE,5000,0.0001999600079984,Exploratory conditional OOF inference; no full-pipeline refit,1,FALSE
1,augmented_minus_original,weibull,prior,augmented,weibull,auc,-0.00310392673125115,0.001,-0.00575591150354799,-0.000450973052526329,0.900819836032793,0.00499900019996001,0.900819836032793,FALSE,FALSE,5000,0.0001999600079984,Exploratory conditional OOF inference; no full-pipeline refit,1,FALSE
1,augmented_minus_original,weibull,prior,augmented,weibull,auc,-0.00310392673125115,0.002,-0.00575591150354799,-0.000450973052526329,0.752849430113977,0.000999800039992002,0.752849430113977,FALSE,FALSE,5000,0.0001999600079984,Exploratory conditional OOF inference; no full-pipeline refit,1,FALSE
1,augmented_minus_original,weibull,prior,augmented,weibull,auc,-0.00310392673125115,0.005,-0.00575591150354799,-0.000450973052526329,0.119176164767047,0.0001999600079984,0.119176164767047,FALSE,FALSE,5000,0.0001999600079984,Exploratory conditional OOF inference; no full-pipeline refit,1,FALSE
1,augmented_minus_original,weibull,prior,augmented,weibull,auc,-0.00310392673125115,0.01,-0.00575591150354799,-0.000450973052526329,0.0001999600079984,0.0001999600079984,0.0001999600079984,TRUE,TRUE,5000,0.0001999600079984,Exploratory conditional OOF inference; no full-pipeline refit,0.00399920015996801,TRUE
1,augmented_minus_original,weibull,prior,augmented,weibull,auc,-0.00310392673125115,0.02,-0.00575591150354799,-0.000450973052526329,0.0001999600079984,0.0001999600079984,0.0001999600079984,TRUE,TRUE,5000,0.0001999600079984,Exploratory conditional OOF inference; no full-pipeline refit,0.00399920015996801,TRUE
1,augmented_minus_original,weibull,prior,augmented,weibull,auc,-0.00310392673125115,0.05,-0.00575591150354799,-0.000450973052526329,0.0001999600079984,0.0001999600079984,0.0001999600079984,TRUE,TRUE,5000,0.0001999600079984,Exploratory conditional OOF inference; no full-pipeline refit,0.00399920015996801,TRUE
1,augmented_minus_original,weibull,prior,augmented,weibull,brier,0.00043023437583721,0.00001,-0.000133745068840984,0.00101095814880286,0.0977804439112178,0.891021795640872,0.891021795640872,FALSE,FALSE,5000,0.0001999600079984,Exploratory conditional OOF inference; no full-pipeline refit,1,FALSE
1,augmented_minus_original,weibull,prior,augmented,weibull,brier,0.00043023437583721,0.00002,-0.000133745068840984,0.00101095814880286,0.0931813637272546,0.886022795440912,0.886022795440912,FALSE,FALSE,5000,0.0001999600079984,Exploratory conditional OOF inference; no full-pipeline refit,1,FALSE
1,augmented_minus_original,weibull,prior,augmented,weibull,brier,0.00043023437583721,0.00005,-0.000133745068840984,0.00101095814880286,0.0781843631273745,0.867626474705059,0.867626474705059,FALSE,FALSE,5000,0.0001999600079984,Exploratory conditional OOF inference; no full-pipeline refit,1,FALSE
1,augmented_minus_original,weibull,prior,augmented,weibull,brier,0.00043023437583721,0.0001,-0.000133745068840984,0.00101095814880286,0.0579884023195361,0.835432913417317,0.835432913417317,FALSE,FALSE,5000,0.0001999600079984,Exploratory conditional OOF inference; no full-pipeline refit,1,FALSE
1,augmented_minus_original,weibull,prior,augmented,weibull,brier,0.00043023437583721,0.0002,-0.000133745068840984,0.00101095814880286,0.0331933613277345,0.752849430113977,0.752849430113977,FALSE,FALSE,5000,0.0001999600079984,Exploratory conditional OOF inference; no full-pipeline refit,1,FALSE
1,augmented_minus_original,weibull,prior,augmented,weibull,brier,0.00043023437583721,0.0005,-0.000133745068840984,0.00101095814880286,0.002999400119976,0.425114977004599,0.425114977004599,FALSE,FALSE,5000,0.0001999600079984,Exploratory conditional OOF inference; no full-pipeline refit,1,FALSE
1,augmented_minus_original,weibull,prior,augmented,weibull,brier,0.00043023437583721,0.001,-0.000133745068840984,0.00101095814880286,0.0001999600079984,0.0535892821435713,0.0535892821435713,FALSE,FALSE,5000,0.0001999600079984,Exploratory conditional OOF inference; no full-pipeline refit,0.589482103579284,FALSE
1,augmented_minus_original,weibull,prior,augmented,weibull,brier,0.00043023437583721,0.002,-0.000133745068840984,0.00101095814880286,0.0001999600079984,0.0001999600079984,0.0001999600079984,TRUE,TRUE,5000,0.0001999600079984,Exploratory conditional OOF inference; no full-pipeline refit,0.00399920015996801,TRUE
1,augmented_minus_original,weibull,prior,augmented,weibull,brier,0.00043023437583721,0.005,-0.000133745068840984,0.00101095814880286,0.0001999600079984,0.0001999600079984,0.0001999600079984,TRUE,TRUE,5000,0.0001999600079984,Exploratory conditional OOF inference; no full-pipeline refit,0.00399920015996801,TRUE
1,prior_minus_current,neural,prior,augmented,neural,auc,-0.000338464479936906,0.0001,-0.00135737415561385,0.000675330115383688,0.649470105978804,0.241151769646071,0.649470105978804,FALSE,FALSE,5000,0.0001999600079984,Exploratory conditional OOF inference; no full-pipeline refit,1,FALSE
1,prior_minus_current,neural,prior,augmented,neural,auc,-0.000338464479936906,0.0002,-0.00135737415561385,0.000675330115383688,0.591081783643271,0.194561087782444,0.591081783643271,FALSE,FALSE,5000,0.0001999600079984,Exploratory conditional OOF inference; no full-pipeline refit,1,FALSE
1,prior_minus_current,neural,prior,augmented,neural,auc,-0.000338464479936906,0.0005,-0.00135737415561385,0.000675330115383688,0.401119776044791,0.0907818436312737,0.401119776044791,FALSE,FALSE,5000,0.0001999600079984,Exploratory conditional OOF inference; no full-pipeline refit,1,FALSE
1,prior_minus_current,neural,prior,augmented,neural,auc,-0.000338464479936906,0.001,-0.00135737415561385,0.000675330115383688,0.141971605678864,0.0183963207358528,0.141971605678864,FALSE,FALSE,5000,0.0001999600079984,Exploratory conditional OOF inference; no full-pipeline refit,1,FALSE
1,prior_minus_current,neural,prior,augmented,neural,auc,-0.000338464479936906,0.002,-0.00135737415561385,0.000675330115383688,0.002999400119976,0.0001999600079984,0.002999400119976,TRUE,TRUE,5000,0.0001999600079984,Exploratory conditional OOF inference; no full-pipeline refit,0.0539892021595681,FALSE
1,prior_minus_current,neural,prior,augmented,neural,auc,-0.000338464479936906,0.005,-0.00135737415561385,0.000675330115383688,0.0001999600079984,0.0001999600079984,0.0001999600079984,TRUE,TRUE,5000,0.0001999600079984,Exploratory conditional OOF inference; no full-pipeline refit,0.00399920015996801,TRUE
1,prior_minus_current,neural,prior,augmented,neural,auc,-0.000338464479936906,0.01,-0.00135737415561385,0.000675330115383688,0.0001999600079984,0.0001999600079984,0.0001999600079984,TRUE,TRUE,5000,0.0001999600079984,Exploratory conditional OOF inference; no full-pipeline refit,0.00399920015996801,TRUE
1,prior_minus_current,neural,prior,augmented,neural,auc,-0.000338464479936906,0.02,-0.00135737415561385,0.000675330115383688,0.0001999600079984,0.0001999600079984,0.0001999600079984,TRUE,TRUE,5000,0.0001999600079984,Exploratory conditional OOF inference; no full-pipeline refit,0.00399920015996801,TRUE
1,prior_minus_current,neural,prior,augmented,neural,auc,-0.000338464479936906,0.05,-0.00135737415561385,0.000675330115383688,0.0001999600079984,0.0001999600079984,0.0001999600079984,TRUE,TRUE,5000,0.0001999600079984,Exploratory conditional OOF inference; no full-pipeline refit,0.00399920015996801,TRUE
1,prior_minus_current,neural,prior,augmented,neural,brier,0.0000120213592126467,0.00001,-0.000140986821043379,0.000164735531069247,0.40871825634873,0.510497900419916,0.510497900419916,FALSE,FALSE,5000,0.0001999600079984,Exploratory conditional OOF inference; no full-pipeline refit,1,FALSE
1,prior_minus_current,neural,prior,augmented,neural,brier,0.0000120213592126467,0.00002,-0.000140986821043379,0.000164735531069247,0.370325934813037,0.465106978604279,0.465106978604279,FALSE,FALSE,5000,0.0001999600079984,Exploratory conditional OOF inference; no full-pipeline refit,1,FALSE
1,prior_minus_current,neural,prior,augmented,neural,brier,0.0000120213592126467,0.00005,-0.000140986821043379,0.000164735531069247,0.25754849030194,0.340331933613277,0.340331933613277,FALSE,FALSE,5000,0.0001999600079984,Exploratory conditional OOF inference; no full-pipeline refit,1,FALSE
1,prior_minus_current,neural,prior,augmented,neural,brier,0.0000120213592126467,0.0001,-0.000140986821043379,0.000164735531069247,0.114377124575085,0.171165766846631,0.171165766846631,FALSE,FALSE,5000,0.0001999600079984,Exploratory conditional OOF inference; no full-pipeline refit,1,FALSE
1,prior_minus_current,neural,prior,augmented,neural,brier,0.0000120213592126467,0.0002,-0.000140986821043379,0.000164735531069247,0.0107978404319136,0.0243951209758048,0.0243951209758048,TRUE,TRUE,5000,0.0001999600079984,Exploratory conditional OOF inference; no full-pipeline refit,0.439112177564487,FALSE
1,prior_minus_current,neural,prior,augmented,neural,brier,0.0000120213592126467,0.0005,-0.000140986821043379,0.000164735531069247,0.0001999600079984,0.0001999600079984,0.0001999600079984,TRUE,TRUE,5000,0.0001999600079984,Exploratory conditional OOF inference; no full-pipeline refit,0.00399920015996801,TRUE
1,prior_minus_current,neural,prior,augmented,neural,brier,0.0000120213592126467,0.001,-0.000140986821043379,0.000164735531069247,0.0001999600079984,0.0001999600079984,0.0001999600079984,TRUE,TRUE,5000,0.0001999600079984,Exploratory conditional OOF inference; no full-pipeline refit,0.00399920015996801,TRUE
1,prior_minus_current,neural,prior,augmented,neural,brier,0.0000120213592126467,0.002,-0.000140986821043379,0.000164735531069247,0.0001999600079984,0.0001999600079984,0.0001999600079984,TRUE,TRUE,5000,0.0001999600079984,Exploratory conditional OOF inference; no full-pipeline refit,0.00399920015996801,TRUE
1,prior_minus_current,neural,prior,augmented,neural,brier,0.0000120213592126467,0.005,-0.000140986821043379,0.000164735531069247,0.0001999600079984,0.0001999600079984,0.0001999600079984,TRUE,TRUE,5000,0.0001999600079984,Exploratory conditional OOF inference; no full-pipeline refit,0.00399920015996801,TRUE
1,augmented_minus_original,neural,prior,augmented,neural,auc,-0.00401842410033193,0.0001,-0.00598225352236681,-0.00202820399825136,0.999200159968006,0.000799840031993601,0.999200159968006,FALSE,FALSE,5000,0.0001999600079984,Exploratory conditional OOF inference; no full-pipeline refit,1,FALSE
1,augmented_minus_original,neural,prior,augmented,neural,auc,-0.00401842410033193,0.0002,-0.00598225352236681,-0.00202820399825136,0.998400319936013,0.000599880023995201,0.998400319936013,FALSE,FALSE,5000,0.0001999600079984,Exploratory conditional OOF inference; no full-pipeline refit,1,FALSE
1,augmented_minus_original,neural,prior,augmented,neural,auc,-0.00401842410033193,0.0005,-0.00598225352236681,-0.00202820399825136,0.997000599880024,0.000399920015996801,0.997000599880024,FALSE,FALSE,5000,0.0001999600079984,Exploratory conditional OOF inference; no full-pipeline refit,1,FALSE
1,augmented_minus_original,neural,prior,augmented,neural,auc,-0.00401842410033193,0.001,-0.00598225352236681,-0.00202820399825136,0.992601479704059,0.0001999600079984,0.992601479704059,FALSE,FALSE,5000,0.0001999600079984,Exploratory conditional OOF inference; no full-pipeline refit,1,FALSE
1,augmented_minus_original,neural,prior,augmented,neural,auc,-0.00401842410033193,0.002,-0.00598225352236681,-0.00202820399825136,0.951009798040392,0.0001999600079984,0.951009798040392,FALSE,FALSE,5000,0.0001999600079984,Exploratory conditional OOF inference; no full-pipeline refit,1,FALSE
1,augmented_minus_original,neural,prior,augmented,neural,auc,-0.00401842410033193,0.005,-0.00598225352236681,-0.00202820399825136,0.213957208558288,0.0001999600079984,0.213957208558288,FALSE,FALSE,5000,0.0001999600079984,Exploratory conditional OOF inference; no full-pipeline refit,1,FALSE
1,augmented_minus_original,neural,prior,augmented,neural,auc,-0.00401842410033193,0.01,-0.00598225352236681,-0.00202820399825136,0.0001999600079984,0.0001999600079984,0.0001999600079984,TRUE,TRUE,5000,0.0001999600079984,Exploratory conditional OOF inference; no full-pipeline refit,0.00399920015996801,TRUE
1,augmented_minus_original,neural,prior,augmented,neural,auc,-0.00401842410033193,0.02,-0.00598225352236681,-0.00202820399825136,0.0001999600079984,0.0001999600079984,0.0001999600079984,TRUE,TRUE,5000,0.0001999600079984,Exploratory conditional OOF inference; no full-pipeline refit,0.00399920015996801,TRUE
1,augmented_minus_original,neural,prior,augmented,neural,auc,-0.00401842410033193,0.05,-0.00598225352236681,-0.00202820399825136,0.0001999600079984,0.0001999600079984,0.0001999600079984,TRUE,TRUE,5000,0.0001999600079984,Exploratory conditional OOF inference; no full-pipeline refit,0.00399920015996801,TRUE
1,augmented_minus_original,neural,prior,augmented,neural,brier,0.00128683267257355,0.00001,0.000823005826661858,0.0017523315239221,0.0001999600079984,1,1,FALSE,FALSE,5000,0.0001999600079984,Exploratory conditional OOF inference; no full-pipeline refit,1,FALSE
1,augmented_minus_original,neural,prior,augmented,neural,brier,0.00128683267257355,0.00002,0.000823005826661858,0.0017523315239221,0.0001999600079984,1,1,FALSE,FALSE,5000,0.0001999600079984,Exploratory conditional OOF inference; no full-pipeline refit,1,FALSE
1,augmented_minus_original,neural,prior,augmented,neural,brier,0.00128683267257355,0.00005,0.000823005826661858,0.0017523315239221,0.0001999600079984,1,1,FALSE,FALSE,5000,0.0001999600079984,Exploratory conditional OOF inference; no full-pipeline refit,1,FALSE
1,augmented_minus_original,neural,prior,augmented,neural,brier,0.00128683267257355,0.0001,0.000823005826661858,0.0017523315239221,0.0001999600079984,1,1,FALSE,FALSE,5000,0.0001999600079984,Exploratory conditional OOF inference; no full-pipeline refit,1,FALSE
1,augmented_minus_original,neural,prior,augmented,neural,brier,0.00128683267257355,0.0002,0.000823005826661858,0.0017523315239221,0.0001999600079984,1,1,FALSE,FALSE,5000,0.0001999600079984,Exploratory conditional OOF inference; no full-pipeline refit,1,FALSE
1,augmented_minus_original,neural,prior,augmented,neural,brier,0.00128683267257355,0.0005,0.000823005826661858,0.0017523315239221,0.0001999600079984,0.998400319936013,0.998400319936013,FALSE,FALSE,5000,0.0001999600079984,Exploratory conditional OOF inference; no full-pipeline refit,1,FALSE
1,augmented_minus_original,neural,prior,augmented,neural,brier,0.00128683267257355,0.001,0.000823005826661858,0.0017523315239221,0.0001999600079984,0.843831233753249,0.843831233753249,FALSE,FALSE,5000,0.0001999600079984,Exploratory conditional OOF inference; no full-pipeline refit,1,FALSE
1,augmented_minus_original,neural,prior,augmented,neural,brier,0.00128683267257355,0.002,0.000823005826661858,0.0017523315239221,0.0001999600079984,0.00639872025594881,0.00639872025594881,TRUE,TRUE,5000,0.0001999600079984,Exploratory conditional OOF inference; no full-pipeline refit,0.0383923215356929,TRUE
1,augmented_minus_original,neural,prior,augmented,neural,brier,0.00128683267257355,0.005,0.000823005826661858,0.0017523315239221,0.0001999600079984,0.0001999600079984,0.0001999600079984,TRUE,TRUE,5000,0.0001999600079984,Exploratory conditional OOF inference; no full-pipeline refit,0.00399920015996801,TRUE
1,model_minus_weibull,neural,prior,augmented,weibull,auc,-0.00136062534309878,0.0001,-0.00402944027275852,0.00133418925729583,0.787842431513697,0.175964807038592,0.787842431513697,FALSE,FALSE,5000,0.0001999600079984,Exploratory conditional OOF inference; no full-pipeline refit,1,FALSE
1,model_minus_weibull,neural,prior,augmented,weibull,auc,-0.00136062534309878,0.0002,-0.00402944027275852,0.00133418925729583,0.767646470705859,0.163567286542691,0.767646470705859,FALSE,FALSE,5000,0.0001999600079984,Exploratory conditional OOF inference; no full-pipeline refit,1,FALSE
1,model_minus_weibull,neural,prior,augmented,weibull,auc,-0.00136062534309878,0.0005,-0.00402944027275852,0.00133418925729583,0.705858828234353,0.127774445110978,0.705858828234353,FALSE,FALSE,5000,0.0001999600079984,Exploratory conditional OOF inference; no full-pipeline refit,1,FALSE
1,model_minus_weibull,neural,prior,augmented,weibull,auc,-0.00136062534309878,0.001,-0.00402944027275852,0.00133418925729583,0.584283143371326,0.0733853229354129,0.584283143371326,FALSE,FALSE,5000,0.0001999600079984,Exploratory conditional OOF inference; no full-pipeline refit,1,FALSE
1,model_minus_weibull,neural,prior,augmented,weibull,auc,-0.00136062534309878,0.002,-0.00402944027275852,0.00133418925729583,0.347930413917217,0.0211957608478304,0.347930413917217,FALSE,FALSE,5000,0.0001999600079984,Exploratory conditional OOF inference; no full-pipeline refit,1,FALSE
1,model_minus_weibull,neural,prior,augmented,weibull,auc,-0.00136062534309878,0.005,-0.00402944027275852,0.00133418925729583,0.0123975204959008,0.0001999600079984,0.0123975204959008,TRUE,TRUE,5000,0.0001999600079984,Exploratory conditional OOF inference; no full-pipeline refit,0.14877024595081,FALSE
1,model_minus_weibull,neural,prior,augmented,weibull,auc,-0.00136062534309878,0.01,-0.00402944027275852,0.00133418925729583,0.0001999600079984,0.0001999600079984,0.0001999600079984,TRUE,TRUE,5000,0.0001999600079984,Exploratory conditional OOF inference; no full-pipeline refit,0.00399920015996801,TRUE
1,model_minus_weibull,neural,prior,augmented,weibull,auc,-0.00136062534309878,0.02,-0.00402944027275852,0.00133418925729583,0.0001999600079984,0.0001999600079984,0.0001999600079984,TRUE,TRUE,5000,0.0001999600079984,Exploratory conditional OOF inference; no full-pipeline refit,0.00399920015996801,TRUE
1,model_minus_weibull,neural,prior,augmented,weibull,auc,-0.00136062534309878,0.05,-0.00402944027275852,0.00133418925729583,0.0001999600079984,0.0001999600079984,0.0001999600079984,TRUE,TRUE,5000,0.0001999600079984,Exploratory conditional OOF inference; no full-pipeline refit,0.00399920015996801,TRUE
1,model_minus_weibull,neural,prior,augmented,weibull,brier,0.00106709249391118,0.00001,0.0005077542116723,0.00161908561713311,0.001999600079984,0.998200359928014,0.998200359928014,FALSE,FALSE,5000,0.0001999600079984,Exploratory conditional OOF inference; no full-pipeline refit,1,FALSE
1,model_minus_weibull,neural,prior,augmented,weibull,brier,0.00106709249391118,0.00002,0.0005077542116723,0.00161908561713311,0.001999600079984,0.997800439912018,0.997800439912018,FALSE,FALSE,5000,0.0001999600079984,Exploratory conditional OOF inference; no full-pipeline refit,1,FALSE
1,model_minus_weibull,neural,prior,augmented,weibull,brier,0.00106709249391118,0.00005,0.0005077542116723,0.00161908561713311,0.0015996800639872,0.997400519896021,0.997400519896021,FALSE,FALSE,5000,0.0001999600079984,Exploratory conditional OOF inference; no full-pipeline refit,1,FALSE
1,model_minus_weibull,neural,prior,augmented,weibull,brier,0.00106709249391118,0.0001,0.0005077542116723,0.00161908561713311,0.0011997600479904,0.99620075984803,0.99620075984803,FALSE,FALSE,5000,0.0001999600079984,Exploratory conditional OOF inference; no full-pipeline refit,1,FALSE
1,model_minus_weibull,neural,prior,augmented,weibull,brier,0.00106709249391118,0.0002,0.0005077542116723,0.00161908561713311,0.000599880023995201,0.994001199760048,0.994001199760048,FALSE,FALSE,5000,0.0001999600079984,Exploratory conditional OOF inference; no full-pipeline refit,1,FALSE
1,model_minus_weibull,neural,prior,augmented,weibull,brier,0.00106709249391118,0.0005,0.0005077542116723,0.00161908561713311,0.0001999600079984,0.952409518096381,0.952409518096381,FALSE,FALSE,5000,0.0001999600079984,Exploratory conditional OOF inference; no full-pipeline refit,1,FALSE
1,model_minus_weibull,neural,prior,augmented,weibull,brier,0.00106709249391118,0.001,0.0005077542116723,0.00161908561713311,0.0001999600079984,0.574085182963407,0.574085182963407,FALSE,FALSE,5000,0.0001999600079984,Exploratory conditional OOF inference; no full-pipeline refit,1,FALSE
1,model_minus_weibull,neural,prior,augmented,weibull,brier,0.00106709249391118,0.002,0.0005077542116723,0.00161908561713311,0.0001999600079984,0.0031993601279744,0.0031993601279744,TRUE,TRUE,5000,0.0001999600079984,Exploratory conditional OOF inference; no full-pipeline refit,0.0255948810237952,TRUE
1,model_minus_weibull,neural,prior,augmented,weibull,brier,0.00106709249391118,0.005,0.0005077542116723,0.00161908561713311,0.0001999600079984,0.0001999600079984,0.0001999600079984,TRUE,TRUE,5000,0.0001999600079984,Exploratory conditional OOF inference; no full-pipeline refit,0.00399920015996801,TRUE
1,prior_minus_current,xgboost,prior,augmented,xgboost,auc,-0.00267179610500801,0.0001,-0.00552128834713575,0.000198748403817593,0.933613277344531,0.0557888422315537,0.933613277344531,FALSE,FALSE,5000,0.0001999600079984,Exploratory conditional OOF inference; no full-pipeline refit,1,FALSE
1,prior_minus_current,xgboost,prior,augmented,xgboost,auc,-0.00267179610500801,0.0002,-0.00552128834713575,0.000198748403817593,0.92381523695261,0.0501899620075985,0.92381523695261,FALSE,FALSE,5000,0.0001999600079984,Exploratory conditional OOF inference; no full-pipeline refit,1,FALSE
1,prior_minus_current,xgboost,prior,augmented,xgboost,auc,-0.00267179610500801,0.0005,-0.00552128834713575,0.000198748403817593,0.897620475904819,0.0357928414317137,0.897620475904819,FALSE,FALSE,5000,0.0001999600079984,Exploratory conditional OOF inference; no full-pipeline refit,1,FALSE
1,prior_minus_current,xgboost,prior,augmented,xgboost,auc,-0.00267179610500801,0.001,-0.00552128834713575,0.000198748403817593,0.83503299340132,0.018996200759848,0.83503299340132,FALSE,FALSE,5000,0.0001999600079984,Exploratory conditional OOF inference; no full-pipeline refit,1,FALSE
1,prior_minus_current,xgboost,prior,augmented,xgboost,auc,-0.00267179610500801,0.002,-0.00552128834713575,0.000198748403817593,0.656868626274745,0.00439912017596481,0.656868626274745,FALSE,FALSE,5000,0.0001999600079984,Exploratory conditional OOF inference; no full-pipeline refit,1,FALSE
1,prior_minus_current,xgboost,prior,augmented,xgboost,auc,-0.00267179610500801,0.005,-0.00552128834713575,0.000198748403817593,0.0967806438712258,0.0001999600079984,0.0967806438712258,FALSE,FALSE,5000,0.0001999600079984,Exploratory conditional OOF inference; no full-pipeline refit,0.967806438712258,FALSE
1,prior_minus_current,xgboost,prior,augmented,xgboost,auc,-0.00267179610500801,0.01,-0.00552128834713575,0.000198748403817593,0.0001999600079984,0.0001999600079984,0.0001999600079984,TRUE,TRUE,5000,0.0001999600079984,Exploratory conditional OOF inference; no full-pipeline refit,0.00399920015996801,TRUE
1,prior_minus_current,xgboost,prior,augmented,xgboost,auc,-0.00267179610500801,0.02,-0.00552128834713575,0.000198748403817593,0.0001999600079984,0.0001999600079984,0.0001999600079984,TRUE,TRUE,5000,0.0001999600079984,Exploratory conditional OOF inference; no full-pipeline refit,0.00399920015996801,TRUE
1,prior_minus_current,xgboost,prior,augmented,xgboost,auc,-0.00267179610500801,0.05,-0.00552128834713575,0.000198748403817593,0.0001999600079984,0.0001999600079984,0.0001999600079984,TRUE,TRUE,5000,0.0001999600079984,Exploratory conditional OOF inference; no full-pipeline refit,0.00399920015996801,TRUE
1,prior_minus_current,xgboost,prior,augmented,xgboost,brier,0.000471912572981459,0.00001,0.0000267380674583503,0.000931443835490479,0.0383923215356929,0.958008398320336,0.958008398320336,FALSE,FALSE,5000,0.0001999600079984,Exploratory conditional OOF inference; no full-pipeline refit,1,FALSE
1,prior_minus_current,xgboost,prior,augmented,xgboost,brier,0.000471912572981459,0.00002,0.0000267380674583503,0.000931443835490479,0.0347930413917217,0.953209358128374,0.953209358128374,FALSE,FALSE,5000,0.0001999600079984,Exploratory conditional OOF inference; no full-pipeline refit,1,FALSE
1,prior_minus_current,xgboost,prior,augmented,xgboost,brier,0.000471912572981459,0.00005,0.0000267380674583503,0.000931443835490479,0.0251949610077984,0.939812037592482,0.939812037592482,FALSE,FALSE,5000,0.0001999600079984,Exploratory conditional OOF inference; no full-pipeline refit,1,FALSE
1,prior_minus_current,xgboost,prior,augmented,xgboost,brier,0.000471912572981459,0.0001,0.0000267380674583503,0.000931443835490479,0.0167966406718656,0.912017596480704,0.912017596480704,FALSE,FALSE,5000,0.0001999600079984,Exploratory conditional OOF inference; no full-pipeline refit,1,FALSE
1,prior_minus_current,xgboost,prior,augmented,xgboost,brier,0.000471912572981459,0.0002,0.0000267380674583503,0.000931443835490479,0.00539892021595681,0.841631673665267,0.841631673665267,FALSE,FALSE,5000,0.0001999600079984,Exploratory conditional OOF inference; no full-pipeline refit,1,FALSE
1,prior_minus_current,xgboost,prior,augmented,xgboost,brier,0.000471912572981459,0.0005,0.0000267380674583503,0.000931443835490479,0.000399920015996801,0.456108778244351,0.456108778244351,FALSE,FALSE,5000,0.0001999600079984,Exploratory conditional OOF inference; no full-pipeline refit,1,FALSE
1,prior_minus_current,xgboost,prior,augmented,xgboost,brier,0.000471912572981459,0.001,0.0000267380674583503,0.000931443835490479,0.0001999600079984,0.0297940411917616,0.0297940411917616,TRUE,TRUE,5000,0.0001999600079984,Exploratory conditional OOF inference; no full-pipeline refit,0.387322535492901,FALSE
1,prior_minus_current,xgboost,prior,augmented,xgboost,brier,0.000471912572981459,0.002,0.0000267380674583503,0.000931443835490479,0.0001999600079984,0.0001999600079984,0.0001999600079984,TRUE,TRUE,5000,0.0001999600079984,Exploratory conditional OOF inference; no full-pipeline refit,0.00399920015996801,TRUE
1,prior_minus_current,xgboost,prior,augmented,xgboost,brier,0.000471912572981459,0.005,0.0000267380674583503,0.000931443835490479,0.0001999600079984,0.0001999600079984,0.0001999600079984,TRUE,TRUE,5000,0.0001999600079984,Exploratory conditional OOF inference; no full-pipeline refit,0.00399920015996801,TRUE
1,augmented_minus_original,xgboost,prior,augmented,xgboost,auc,-0.00685721430058384,0.0001,-0.0104598946164472,-0.00346070052257124,0.99880023995201,0.0011997600479904,0.99880023995201,FALSE,FALSE,5000,0.0001999600079984,Exploratory conditional OOF inference; no full-pipeline refit,1,FALSE
1,augmented_minus_original,xgboost,prior,augmented,xgboost,auc,-0.00685721430058384,0.0002,-0.0104598946164472,-0.00346070052257124,0.998600279944011,0.000999800039992002,0.998600279944011,FALSE,FALSE,5000,0.0001999600079984,Exploratory conditional OOF inference; no full-pipeline refit,1,FALSE
1,augmented_minus_original,xgboost,prior,augmented,xgboost,auc,-0.00685721430058384,0.0005,-0.0104598946164472,-0.00346070052257124,0.998200359928014,0.000599880023995201,0.998200359928014,FALSE,FALSE,5000,0.0001999600079984,Exploratory conditional OOF inference; no full-pipeline refit,1,FALSE
1,augmented_minus_original,xgboost,prior,augmented,xgboost,auc,-0.00685721430058384,0.001,-0.0104598946164472,-0.00346070052257124,0.997000599880024,0.000399920015996801,0.997000599880024,FALSE,FALSE,5000,0.0001999600079984,Exploratory conditional OOF inference; no full-pipeline refit,1,FALSE
1,augmented_minus_original,xgboost,prior,augmented,xgboost,auc,-0.00685721430058384,0.002,-0.0104598946164472,-0.00346070052257124,0.990401919616077,0.0001999600079984,0.990401919616077,FALSE,FALSE,5000,0.0001999600079984,Exploratory conditional OOF inference; no full-pipeline refit,1,FALSE
1,augmented_minus_original,xgboost,prior,augmented,xgboost,auc,-0.00685721430058384,0.005,-0.0104598946164472,-0.00346070052257124,0.807238552289542,0.0001999600079984,0.807238552289542,FALSE,FALSE,5000,0.0001999600079984,Exploratory conditional OOF inference; no full-pipeline refit,1,FALSE
1,augmented_minus_original,xgboost,prior,augmented,xgboost,auc,-0.00685721430058384,0.01,-0.0104598946164472,-0.00346070052257124,0.0749850029994001,0.0001999600079984,0.0749850029994001,FALSE,FALSE,5000,0.0001999600079984,Exploratory conditional OOF inference; no full-pipeline refit,0.374925014997001,FALSE
1,augmented_minus_original,xgboost,prior,augmented,xgboost,auc,-0.00685721430058384,0.02,-0.0104598946164472,-0.00346070052257124,0.0001999600079984,0.0001999600079984,0.0001999600079984,TRUE,TRUE,5000,0.0001999600079984,Exploratory conditional OOF inference; no full-pipeline refit,0.00399920015996801,TRUE
1,augmented_minus_original,xgboost,prior,augmented,xgboost,auc,-0.00685721430058384,0.05,-0.0104598946164472,-0.00346070052257124,0.0001999600079984,0.0001999600079984,0.0001999600079984,TRUE,TRUE,5000,0.0001999600079984,Exploratory conditional OOF inference; no full-pipeline refit,0.00399920015996801,TRUE
1,augmented_minus_original,xgboost,prior,augmented,xgboost,brier,0.0010412083261126,0.00001,0.000391568325502855,0.00170660836358847,0.00559888022395521,0.99380123975205,0.99380123975205,FALSE,FALSE,5000,0.0001999600079984,Exploratory conditional OOF inference; no full-pipeline refit,1,FALSE
1,augmented_minus_original,xgboost,prior,augmented,xgboost,brier,0.0010412083261126,0.00002,0.000391568325502855,0.00170660836358847,0.00499900019996001,0.993601279744051,0.993601279744051,FALSE,FALSE,5000,0.0001999600079984,Exploratory conditional OOF inference; no full-pipeline refit,1,FALSE
1,augmented_minus_original,xgboost,prior,augmented,xgboost,brier,0.0010412083261126,0.00005,0.000391568325502855,0.00170660836358847,0.00419916016796641,0.992601479704059,0.992601479704059,FALSE,FALSE,5000,0.0001999600079984,Exploratory conditional OOF inference; no full-pipeline refit,1,FALSE
1,augmented_minus_original,xgboost,prior,augmented,xgboost,brier,0.0010412083261126,0.0001,0.000391568325502855,0.00170660836358847,0.001999600079984,0.990801839632074,0.990801839632074,FALSE,FALSE,5000,0.0001999600079984,Exploratory conditional OOF inference; no full-pipeline refit,1,FALSE
1,augmented_minus_original,xgboost,prior,augmented,xgboost,brier,0.0010412083261126,0.0002,0.000391568325502855,0.00170660836358847,0.000999800039992002,0.983403319336133,0.983403319336133,FALSE,FALSE,5000,0.0001999600079984,Exploratory conditional OOF inference; no full-pipeline refit,1,FALSE
1,augmented_minus_original,xgboost,prior,augmented,xgboost,brier,0.0010412083261126,0.0005,0.000391568325502855,0.00170660836358847,0.0001999600079984,0.918616276744651,0.918616276744651,FALSE,FALSE,5000,0.0001999600079984,Exploratory conditional OOF inference; no full-pipeline refit,1,FALSE
1,augmented_minus_original,xgboost,prior,augmented,xgboost,brier,0.0010412083261126,0.001,0.000391568325502855,0.00170660836358847,0.0001999600079984,0.544491101779644,0.544491101779644,FALSE,FALSE,5000,0.0001999600079984,Exploratory conditional OOF inference; no full-pipeline refit,1,FALSE
1,augmented_minus_original,xgboost,prior,augmented,xgboost,brier,0.0010412083261126,0.002,0.000391568325502855,0.00170660836358847,0.0001999600079984,0.00739852029594081,0.00739852029594081,TRUE,TRUE,5000,0.0001999600079984,Exploratory conditional OOF inference; no full-pipeline refit,0.0383923215356929,TRUE
1,augmented_minus_original,xgboost,prior,augmented,xgboost,brier,0.0010412083261126,0.005,0.000391568325502855,0.00170660836358847,0.0001999600079984,0.0001999600079984,0.0001999600079984,TRUE,TRUE,5000,0.0001999600079984,Exploratory conditional OOF inference; no full-pipeline refit,0.00399920015996801,TRUE
1,model_minus_weibull,xgboost,prior,augmented,weibull,auc,-0.0119230641616622,0.0001,-0.0157714792270403,-0.00816424775702087,1,0.0001999600079984,1,FALSE,FALSE,5000,0.0001999600079984,Exploratory conditional OOF inference; no full-pipeline refit,1,FALSE
1,model_minus_weibull,xgboost,prior,augmented,weibull,auc,-0.0119230641616622,0.0002,-0.0157714792270403,-0.00816424775702087,1,0.0001999600079984,1,FALSE,FALSE,5000,0.0001999600079984,Exploratory conditional OOF inference; no full-pipeline refit,1,FALSE
1,model_minus_weibull,xgboost,prior,augmented,weibull,auc,-0.0119230641616622,0.0005,-0.0157714792270403,-0.00816424775702087,1,0.0001999600079984,1,FALSE,FALSE,5000,0.0001999600079984,Exploratory conditional OOF inference; no full-pipeline refit,1,FALSE
1,model_minus_weibull,xgboost,prior,augmented,weibull,auc,-0.0119230641616622,0.001,-0.0157714792270403,-0.00816424775702087,1,0.0001999600079984,1,FALSE,FALSE,5000,0.0001999600079984,Exploratory conditional OOF inference; no full-pipeline refit,1,FALSE
1,model_minus_weibull,xgboost,prior,augmented,weibull,auc,-0.0119230641616622,0.002,-0.0157714792270403,-0.00816424775702087,1,0.0001999600079984,1,FALSE,FALSE,5000,0.0001999600079984,Exploratory conditional OOF inference; no full-pipeline refit,1,FALSE
1,model_minus_weibull,xgboost,prior,augmented,weibull,auc,-0.0119230641616622,0.005,-0.0157714792270403,-0.00816424775702087,0.998000399920016,0.0001999600079984,0.998000399920016,FALSE,FALSE,5000,0.0001999600079984,Exploratory conditional OOF inference; no full-pipeline refit,1,FALSE
1,model_minus_weibull,xgboost,prior,augmented,weibull,auc,-0.0119230641616622,0.01,-0.0157714792270403,-0.00816424775702087,0.802839432113577,0.0001999600079984,0.802839432113577,FALSE,FALSE,5000,0.0001999600079984,Exploratory conditional OOF inference; no full-pipeline refit,0.904219156168766,FALSE
1,model_minus_weibull,xgboost,prior,augmented,weibull,auc,-0.0119230641616622,0.02,-0.0157714792270403,-0.00816424775702087,0.000599880023995201,0.0001999600079984,0.000599880023995201,TRUE,TRUE,5000,0.0001999600079984,Exploratory conditional OOF inference; no full-pipeline refit,0.00399920015996801,TRUE
1,model_minus_weibull,xgboost,prior,augmented,weibull,auc,-0.0119230641616622,0.05,-0.0157714792270403,-0.00816424775702087,0.0001999600079984,0.0001999600079984,0.0001999600079984,TRUE,TRUE,5000,0.0001999600079984,Exploratory conditional OOF inference; no full-pipeline refit,0.00399920015996801,TRUE
1,model_minus_weibull,xgboost,prior,augmented,weibull,brier,0.00162389902718121,0.00001,0.000904531032131165,0.00233514866087758,0.0001999600079984,1,1,FALSE,FALSE,5000,0.0001999600079984,Exploratory conditional OOF inference; no full-pipeline refit,1,FALSE
1,model_minus_weibull,xgboost,prior,augmented,weibull,brier,0.00162389902718121,0.00002,0.000904531032131165,0.00233514866087758,0.0001999600079984,1,1,FALSE,FALSE,5000,0.0001999600079984,Exploratory conditional OOF inference; no full-pipeline refit,1,FALSE
1,model_minus_weibull,xgboost,prior,augmented,weibull,brier,0.00162389902718121,0.00005,0.000904531032131165,0.00233514866087758,0.0001999600079984,1,1,FALSE,FALSE,5000,0.0001999600079984,Exploratory conditional OOF inference; no full-pipeline refit,1,FALSE
1,model_minus_weibull,xgboost,prior,augmented,weibull,brier,0.00162389902718121,0.0001,0.000904531032131165,0.00233514866087758,0.0001999600079984,1,1,FALSE,FALSE,5000,0.0001999600079984,Exploratory conditional OOF inference; no full-pipeline refit,1,FALSE
1,model_minus_weibull,xgboost,prior,augmented,weibull,brier,0.00162389902718121,0.0002,0.000904531032131165,0.00233514866087758,0.0001999600079984,0.999600079984003,0.999600079984003,FALSE,FALSE,5000,0.0001999600079984,Exploratory conditional OOF inference; no full-pipeline refit,1,FALSE
1,model_minus_weibull,xgboost,prior,augmented,weibull,brier,0.00162389902718121,0.0005,0.000904531032131165,0.00233514866087758,0.0001999600079984,0.994601079784043,0.994601079784043,FALSE,FALSE,5000,0.0001999600079984,Exploratory conditional OOF inference; no full-pipeline refit,1,FALSE
1,model_minus_weibull,xgboost,prior,augmented,weibull,brier,0.00162389902718121,0.001,0.000904531032131165,0.00233514866087758,0.0001999600079984,0.923415316936613,0.923415316936613,FALSE,FALSE,5000,0.0001999600079984,Exploratory conditional OOF inference; no full-pipeline refit,1,FALSE
1,model_minus_weibull,xgboost,prior,augmented,weibull,brier,0.00162389902718121,0.002,0.000904531032131165,0.00233514866087758,0.0001999600079984,0.185562887422516,0.185562887422516,FALSE,FALSE,5000,0.0001999600079984,Exploratory conditional OOF inference; no full-pipeline refit,0.185562887422516,FALSE
1,model_minus_weibull,xgboost,prior,augmented,weibull,brier,0.00162389902718121,0.005,0.000904531032131165,0.00233514866087758,0.0001999600079984,0.0001999600079984,0.0001999600079984,TRUE,TRUE,5000,0.0001999600079984,Exploratory conditional OOF inference; no full-pipeline refit,0.00399920015996801,TRUE
